delete from info where 1;
delete from publications where 1;
delete from students where 1;
delete from projects where 1;
delete from awards where 1;
INSERT INTO info  (name,designation,email,phone,website) VALUES ('Abhijit Das','Associate Professor','abhij@cse.iitkgp.ernet.in','+91-3222-282350','http://cse.iitkgp.ac.in/~abhij/');
INSERT INTO publications  (name, year, title) VALUES ('Abhijit Das',2013,'Computational Number Theory  by Abhijit Das Series: Discrete Mathematics and its Applications CRC Press  614 pages ');
INSERT INTO publications  (name, year, title) VALUES ('Abhijit Das',2009,'Public-Key Cryptography: Theory and Practice  by Abhijit Das and C E Veni Madhavan Graduate Text Pearson Education  584 pages ');
INSERT INTO publications  (name, year, title) VALUES ('Abhijit Das',2014,'New Algorithms for Batch Verification of Standard ECDSA Signatures  by Sabyasachi Karati, Abhijit Das, Dipanwita Roychowdhury, Bhargav Bellur, Debojyoti Bhattacharya and Aravind Iyer Journal of Cryptographic Engineering 4(4) Springer-Verlag  237-258 ');
INSERT INTO publications  (name, year, title) VALUES ('Abhijit Das',2014,'Faster Batch Verification of Standard ECDSA Signatures Using Summation Polynomials  by Sabyasachi Karati and Abhijit Das 12th International Conference on Applied Cryptography and Network Security (ACNS) LNCS 8479 Springer-Verlag  438-456 ');
INSERT INTO publications  (name, year, title) VALUES ('Abhijit Das',2014,'Use of SIMD Features to Speed up Eta Pairing  by Anup Kumar Bhattacharya, Sabyasachi Karati, Abhijit Das, Dipanwita Roychowdhury, Bhargav Bellur and Aravind Iyer Communications in Computer and Information Science 455 Springer-Verlag  137-154 ');
INSERT INTO publications  (name, year, title) VALUES ('Abhijit Das',2013,'GPU-Based Implementation of 128-bit Secure Eta Pairing over a Binary Field  by Utsab Bose, Anup Kumar Bhattacharya and Abhijit Das 6th International Conference on Cryptology in Africa (AfricaCrypt) LNCS 7918 Springer-Verlag  26-42 ');
INSERT INTO publications  (name, year, title) VALUES ('Abhijit Das',2016,'Use of SIMD-Based Data Parallelism to Speed up Sieving in Integer-Factoring Algorithms  by Binanda Sengupta and Abhijit Das Applied Mathematics and Computation Volume 293  204-217 ');
INSERT INTO publications  (name, year, title) VALUES ('Abhijit Das',2012,'New Variants of Algebraic Attacks Based on Structured Gaussian Elimination (Extended Abstract)  by Satrajit Ghosh and Abhijit Das Third International Conference on Symbolic Computation and Cryptography (SCC) Castro Urdiales, Spain  119-125 ');
INSERT INTO publications  (name, year, title) VALUES ('Abhijit Das',2010,'Parallelization of the Lanczos Algorithm on Multi-Core Platforms  by Souvik Bhattacherjee and Abhijit Das 11th International Conference on Distributed Computing and Networking (ICDCN) LNCS 5935 Springer-Verlag  231-241 ');
INSERT INTO publications  (name, year, title) VALUES ('Abhijit Das',2005,'On the Cubic Sieve Method for Computing Discrete Logarithms over Prime Fields  by Abhijit Das and C E Veni Madhavan International Journal of Computer Mathematics (IJCM) 82(12) Taylor and Francis  1481-1495 ');
INSERT INTO projects  (name, title) VALUES ('Abhijit Das','Design and efficient implementation of advanced encryption and decryption techniques for use in spacecraft communication&nbsp;ISRO, IIT KHARAGPUR CELL');
INSERT INTO projects  (name, title) VALUES ('Abhijit Das','Indigenous design methodologies for elliptic curve cryptography on FPGs&nbsp;Directorate of extramural research &amp; intellectual property rights (ER&amp;IPR), DRDO');
INSERT INTO students  (name, student_name, student_type, student_research_area) VALUES ('Abhijit Das','Souvik Sur','PhD STUDENTS',' Cryptology');
INSERT INTO students  (name, student_name, student_type, student_research_area) VALUES ('Abhijit Das','Anindya Ganguly','MS STUDENTS',' Cryptography');
INSERT INTO info  (name,designation,responsibility,email,phone,website) VALUES ('Arobinda Gupta','Professor','Chairman, Computer Purchase, Maintenance &amp; Networking Committee','agupta@cse.iitkgp.ernet.in','+91-3222-283476','Not Found');
INSERT INTO publications  (name, year, title) VALUES ('Arobinda Gupta',2016,'Event notification in VANET with capacitated roadside units  by J. C. Mukherjee, A. Gupta, and R. C. Srinivas IEEE Transactions on Intelligent Transportation Systems Vol. 17, No. 7  1867-1879 ');
INSERT INTO publications  (name, year, title) VALUES ('Arobinda Gupta',2016,'A review of charge scheduling of electric vehicles in smart grid  by J. C. Mukherjee and A. Gupta IEEE Systems Journal Vol. 9, No. 4  1541-1553 ');
INSERT INTO publications  (name, year, title) VALUES ('Arobinda Gupta',2016,'Mobility aware scheduling for imbalance reduction through charging coordination of electric vehicles in smart grid  by J. C. Mukherjee and A. Gupta Pervasive and Mobile Computing Vol. 21  104-118 ');
INSERT INTO publications  (name, year, title) VALUES ('Arobinda Gupta',2014,'Line coverage measures in wireless sensor networks  by D. Dash, A. Gupta, A. Bishnu, and S. C. Nandy Journal of Parallel and Distributed Computing Vol. 74, No. 7  ');
INSERT INTO publications  (name, year, title) VALUES ('Arobinda Gupta',2010,'Detecting misbehaviors in VANET with integrated root cause analysis  by M. Ghosh, A. Varghese, A. Gupta, A. Kherani, and S. Muthaiah Ad Hoc Networks Vol. 8, No. 7  ');
INSERT INTO publications  (name, year, title) VALUES ('Arobinda Gupta',2010,'Adaptive broadcast by fault-tolerant spanning tree switching  by S. Karmakar and A. Gupta Journal of Parallel and Distributed Computing Vol. 70, No. 9  ');
INSERT INTO publications  (name, year, title) VALUES ('Arobinda Gupta',2009,'Using group structures for efficient routing in delay tolerant networks  by M. Thomas, S. Phand, and A. Gupta Ad Hoc Networks Vol. 7, No. 2  344-362 ');
INSERT INTO publications  (name, year, title) VALUES ('Arobinda Gupta',2007,'Fault containing self-stabilizing distributed protocols  by S. Ghosh, A. Gupta, S. V. Pemmaraju, and T. Herman Distributed Computing Vol. 20, No. 1  53-73 ');
INSERT INTO publications  (name, year, title) VALUES ('Arobinda Gupta',2005,'Coordinated problem solving through resource sharing in a distributed environment  by U. Deshpande, A. Gupta, and A. Basu IEEE Transactions on Systems, Man, and Cybernatics Part-B Vol. 35, No. 2  345-358 ');
INSERT INTO publications  (name, year, title) VALUES ('Arobinda Gupta',1997,'A self-stabilizing algorithm for the maximum flow problem  by S. Ghosh, A. Gupta, and S. V. Pemmaraju Distributed Computing Vol. 10  167-180 ');
INSERT INTO students  (name, student_name, student_type, student_research_area) VALUES ('Arobinda Gupta','Subhrangsu Mandal','PhD STUDENTS',' Distributed Systems');
INSERT INTO students  (name, student_name, student_type, student_research_area) VALUES ('Arobinda Gupta','Soumadip Biswas','PhD STUDENTS',' Networking');
INSERT INTO students  (name, student_name, student_type, student_research_area) VALUES ('Arobinda Gupta','John C. John','PhD STUDENTS',' Multi-domain Distributed Security');
INSERT INTO info  (name,designation,email,phone,website) VALUES ('Animesh Mukherjee','Associate Professor','animeshm@cse.iitkgp.ernet.in','+91-3222-283472','http://cse.iitkgp.ac.in/~animeshm/');
INSERT INTO awards  (name, award) VALUES ('Animesh Mukherjee','IBM Faculty Award 2015');
INSERT INTO publications  (name, year, title) VALUES ('Animesh Mukherjee',2016,'Permanence and Community Structure in Complex Networks.  by Chakraborty, T., Srinivasan, S., Ganguly, N., Mukherjee, A. and Bhowmick, S. ACM TKDD (in press)  ');
INSERT INTO publications  (name, year, title) VALUES ('Animesh Mukherjee',2016,'Understanding Stability of Noisy Networks through Centrality Measures and Local Connections,  by Ufimtsev, V., Sarkar, S., Mukherjee, A. and Bhowmick, S. CIKM (16)  ');
INSERT INTO publications  (name, year, title) VALUES ('Animesh Mukherjee',2012,'On the origin of the hierarchy of color names  by Loreto, V., Mukherjee, A. and Tria, F. Proceedings of the National Academy of Sciences (PNAS), USA 109(18)  6819-6824 ');
INSERT INTO publications  (name, year, title) VALUES ('Animesh Mukherjee',2016,'GenPerm: A Unified Method for Detecting Non-overlapping and Overlapping Communities.  by Chakraborty, T., Kumar, S., Ganguly, N., Mukherjee, A. and Bhowmick, S. IEEE TKDE 28(8)  2101--2114 ');
INSERT INTO publications  (name, year, title) VALUES ('Animesh Mukherjee',2013,'Constant communities in complex networks  by Chakraborty, T., Srinivasan, S., Ganguly, N., Bhowmick, S. and Mukherjee, A. Nature Scientific Reports 3  1825 ');
INSERT INTO publications  (name, year, title) VALUES ('Animesh Mukherjee',2016,'Anomalies in the peer-review system: A case study of the journal of High Energy Physics  by Sikdar, S., Marsili, M, Ganguly, N. and Mukherjee, A. CIKM (16)  ');
INSERT INTO publications  (name, year, title) VALUES ('Animesh Mukherjee',2015,'On the formation of circles in co-authorship networks.  by Chakraborty, T., Patranabis, S., Goyal, P. and Mukherjee, A. KDD (15)  ');
INSERT INTO publications  (name, year, title) VALUES ('Animesh Mukherjee',2014,'Thats sick dude!: Automatic identification of word sense change across different timescales  by Mitra, S., Mitra, R., Riedl, M., Biemann, C., Mukherjee, A. and Goyal, P. ACL (14)  ');
INSERT INTO publications  (name, year, title) VALUES ('Animesh Mukherjee',2016,'#Bieber + #Blast = #BieberBlast: Early prediction of popular hashtag compounds  by Maity, S. K., Saraf, R. and Mukherjee, A. CSCW (16)  ');
INSERT INTO publications  (name, year, title) VALUES ('Animesh Mukherjee',2014,'On the permanence of vertices in network communities  by Chakraborty, T., Kumar, S., Ganguly, N., Mukherjee, A. and Bhowmick, S. KDD (14)  ');
INSERT INTO projects  (name, title) VALUES ('Animesh Mukherjee','Data driven approaches for inferring opinion dynamics on social networks&nbsp;Department of Science &amp; Technology(DST)');
INSERT INTO projects  (name, title) VALUES ('Animesh Mukherjee','From Word Senses to Entity Roles: Identifying Temporal and Media-specific Scopes Through Big Data Analytics&nbsp;Indian National Science Academy');
INSERT INTO projects  (name, title) VALUES ('Animesh Mukherjee','Google Unrestricted Fund for Social Computing&nbsp;GOOGLE INDIA PVT. LTD');
INSERT INTO projects  (name, title) VALUES ('Animesh Mukherjee','IBM Faculty Award for Social Computing&nbsp;IBM');
INSERT INTO projects  (name, title) VALUES ('Animesh Mukherjee','Leveraging bipartite network to investigate the dynamical properties of socio-technical systems&nbsp;Samsung Electronics Co.Ltd.');
INSERT INTO projects  (name, title) VALUES ('Animesh Mukherjee','NSF and Intel grants to Georgia State University&nbsp;NSF and Intel Grants to Georgia State University');
INSERT INTO projects  (name, title) VALUES ('Animesh Mukherjee','Post disaster situation analysis and resource management using delay tolerant peer to peer wireless networks (DISARM)&nbsp;Information Technology Research Academy (ITRA)');
INSERT INTO projects  (name, title) VALUES ('Animesh Mukherjee','Social computing for e-commerce&nbsp;Flipkart Internet Private Ltd.');
INSERT INTO projects  (name, title) VALUES ('Animesh Mukherjee','SocioWeb: Social computation to enhance web and network applications&nbsp;ISIRD, SRIC');
INSERT INTO projects  (name, title) VALUES ('Animesh Mukherjee','Unrestricted grant for research in social networks and user-generated content&nbsp;Dr. M Chelliah, Head, Academic Relations, Yahoo India R &amp; D');
INSERT INTO projects  (name, title) VALUES ('Animesh Mukherjee','Unrestricted research grant in social computing&nbsp;MICROSOFT CORPORATION');
INSERT INTO projects  (name, title) VALUES ('Animesh Mukherjee','Unrestricted Travel Grant&nbsp;Various Institutes/Organisations');
INSERT INTO students  (name, student_name, student_type, student_research_area) VALUES ('Animesh Mukherjee','Sandipan Sikdar','PhD STUDENTS',' Time varying networks');
INSERT INTO students  (name, student_name, student_type, student_research_area) VALUES ('Animesh Mukherjee','Suman Kalyan Maity','PhD STUDENTS',' Modeling language dynamics');
INSERT INTO students  (name, student_name, student_type, student_research_area) VALUES ('Animesh Mukherjee','Mayank Singh','PhD STUDENTS',' Data Mining, Natural Language Processing, Machine Learning');
INSERT INTO students  (name, student_name, student_type, student_research_area) VALUES ('Animesh Mukherjee','Suhansanu Kumar','PhD STUDENTS',' Social Recommendation');
INSERT INTO students  (name, student_name, student_type, student_research_area) VALUES ('Animesh Mukherjee','Soumya Sarkar','PhD STUDENTS',' Community analysis in large networks');
INSERT INTO students  (name, student_name, student_type, student_research_area) VALUES ('Animesh Mukherjee','Jasabanta Patro','PhD STUDENTS',' Code mixing and code switching in social media');
INSERT INTO students  (name, student_name, student_type, student_research_area) VALUES ('Animesh Mukherjee','Binny Mathew','PhD STUDENTS',' Language dynamics in text and social media');
INSERT INTO info  (name,designation,responsibility,email,phone) VALUES ('Anupam Basu','Professor','Head, Centre for Educational Technology','anupam@cse.iitkgp.ernet.in','+91-3222-283462');
INSERT INTO projects  (name, title) VALUES ('Anupam Basu','Architectural and Algorithmic Optimizations for Speech Based Communication Interfaces on Mobile Device&nbsp;INTEL TECHNOLOGY INDIA PVT. LTD.');
INSERT INTO projects  (name, title) VALUES ('Anupam Basu','A ROBUST BANGLA SPELL CHECKER&nbsp;SOCIETY FOR NATURAL LANGUAGE TECHNOLOGY RESEARCH, KOLKATA');
INSERT INTO projects  (name, title) VALUES ('Anupam Basu','Central Sector Scheme for MOOC Compliant E-Content Creation&nbsp;MHRD, Department of Higher Education, NMEICT, New Delhi');
INSERT INTO projects  (name, title) VALUES ('Anupam Basu','CS4HS (Computer Science for High Schools)&nbsp;GOOGLE INDIA PVT. LTD');
INSERT INTO projects  (name, title) VALUES ('Anupam Basu','DEGITIZATION AND WEB HOSTING OF BANKIM RACHNABALI IN UNICODE FORMAT.&nbsp;Society for Natural Language Technology ResearchSNLTR');
INSERT INTO projects  (name, title) VALUES ('Anupam Basu','Development of national digital library (NDL) of India - towards building a national asset&nbsp;National Mission on Education through Communication &amp; Information Technology (NMEICT)');
INSERT INTO projects  (name, title) VALUES ('Anupam Basu','Direct-To-Home (DTH) SWAYAM Prabha&nbsp;MHRD, Department of Higher Education, NMEICT, New Delhi');
INSERT INTO projects  (name, title) VALUES ('Anupam Basu','Direct-To-Home (DTH) SWAYAM Prabha: Channel 13 (Computer Science &amp; Engg.)&nbsp;MHRD, Department of Higher Education, NMEICT, New Delhi');
INSERT INTO projects  (name, title) VALUES ('Anupam Basu','IMPRINT Activities at IIT Kharagpur&nbsp;MHRD, Department of Higher Education, NMEICT, New Delhi');
INSERT INTO projects  (name, title) VALUES ('Anupam Basu','IMPRINT activities related to ICT domain at IIT Kharagpur&nbsp;MHRD');
INSERT INTO projects  (name, title) VALUES ('Anupam Basu','Setting up of Teaching Learning Centre for Pedagogy Design &amp; Research&nbsp;MHRD');
INSERT INTO students  (name, student_name, student_type, student_research_area) VALUES ('Anupam Basu','Syaamantak Das','PhD STUDENTS',' Cognitive Approach to Learning and Evaluation');
INSERT INTO info  (name,designation,email,phone,website) VALUES ('Bivas Mitra','Assistant Professor','bivas@cse.iitkgp.ernet.in','+91-3222-282358','http://cse.iitkgp.ac.in/~bivasm/');
INSERT INTO awards  (name, award) VALUES ('Bivas Mitra','DAAD-IIT Faculty Exchange');
INSERT INTO publications  (name, year, title) VALUES ('Bivas Mitra',2015,'Complementary usage of Tips and Reviews for Location Recommendation in Yelp  by Saurabh Gupta, Sayan Pathak, Bivas Mitra PA-KDD 2015  ');
INSERT INTO publications  (name, year, title) VALUES ('Bivas Mitra',2016,'UrbanEye: An Outdoor Localization System for Public Transport  by Rohit Verma, Aviral Shrivastava, Bivas Mitra, Sujoy Saha, Niloy Ganguly, Subrata Nandi and Sandip Chakraborty IEEE INFOCOM 2016  ');
INSERT INTO publications  (name, year, title) VALUES ('Bivas Mitra',2015,'ActivPass: Your Daily Activity is Your Password  by Sourav Kumar Dandapat, Swadhin Pradhan, Bivas Mitra, Romit Roy Choudhury, Niloy Ganguly ACM SIGCHI 2015  ');
INSERT INTO publications  (name, year, title) VALUES ('Bivas Mitra',2016,'Predicting Group Success in Meetup  by Soumajit Pramanik, Midhun Gundapuneni, Sayan Pathak, Bivas Mitra ICWSM 2016  ');
INSERT INTO publications  (name, year, title) VALUES ('Bivas Mitra',2016,'On the Role of Mentions on Tweet Virality  by Soumajit Pramanik, Maximilien Danisch, Qinna Wang, Anand Kumar, Sumanth Bandi, Jean-Loup Guillaume and Bivas Mitra DSAA 2016  ');
INSERT INTO publications  (name, year, title) VALUES ('Bivas Mitra',2016,'Can I Foresee the Success of My Meetup Group?  by Soumajit Pramanik, Midhun Gundapuneni, Sayan Pathak, Bivas Mitra ASONAM 2016  ');
INSERT INTO projects  (name, title) VALUES ('Bivas Mitra','Analyzing the Dynamics of Critical Information Diffusion on Social Media: A Network Science Initiative (DyCiN)&nbsp;Indo-Belgian Research and Technology Cooperation');
INSERT INTO projects  (name, title) VALUES ('Bivas Mitra','Design and Development of Activity/Event Based Authentication Framework&nbsp;Bharat Electronics Ltd. (A Govt. of India Enterprise) Central Research Laboratory');
INSERT INTO projects  (name, title) VALUES ('Bivas Mitra','Evolving communities and information spreading&nbsp;Indo-French Centre for the promotion of Avanced Research (CEFIPRA)');
INSERT INTO projects  (name, title) VALUES ('Bivas Mitra','Google Unrestricted Fund for Social Computing&nbsp;GOOGLE INDIA PVT. LTD');
INSERT INTO projects  (name, title) VALUES ('Bivas Mitra','NSF and Intel grants to Georgia State University&nbsp;NSF and Intel Grants to Georgia State University');
INSERT INTO projects  (name, title) VALUES ('Bivas Mitra','Post disaster situation analysis and resource management using delay tolerant peer to peer wireless networks (DISARM)&nbsp;Information Technology Research Academy (ITRA)');
INSERT INTO projects  (name, title) VALUES ('Bivas Mitra','Real Time Failure Prediction System&nbsp;NetApp India Private Limited');
INSERT INTO projects  (name, title) VALUES ('Bivas Mitra','Real time fault prediction system&nbsp;NetApp India Private Limited');
INSERT INTO projects  (name, title) VALUES ('Bivas Mitra','Teaching Learing Centre for Internet-of-things&nbsp;MHRD, Department of Higher Education, NMEICT, New Delhi');
INSERT INTO projects  (name, title) VALUES ('Bivas Mitra','Unrestricted Travel Grant&nbsp;Various Institutes/Organisations');
INSERT INTO students  (name, student_name, student_type, student_research_area) VALUES ('Bivas Mitra','Soumajit Pramanik','PhD STUDENTS',' Interdependent Networks');
INSERT INTO students  (name, student_name, student_type, student_research_area) VALUES ('Bivas Mitra','Surjya Ghosh','PhD STUDENTS',' Mobile Networks and Applications');
INSERT INTO students  (name, student_name, student_type, student_research_area) VALUES ('Bivas Mitra','Ayan Kumar Bhowmick','PhD STUDENTS',' Social Networks');
INSERT INTO students  (name, student_name, student_type, student_research_area) VALUES ('Bivas Mitra','Rohit Verma','PhD STUDENTS',' Smartphone Computing');
INSERT INTO students  (name, student_name, student_type, student_research_area) VALUES ('Bivas Mitra','Snigdha Das','PhD STUDENTS',' Activity Sensing');
INSERT INTO students  (name, student_name, student_type, student_research_area) VALUES ('Bivas Mitra','Subhendu Khatuya','MS STUDENTS',' Recommendation system');
INSERT INTO info  (name,designation,email,phone) VALUES ('Chittaranjan Mandal','Professor','chitta@iitkgp.ac.in','+91-3222-283498');
INSERT INTO projects  (name, title) VALUES ('Chittaranjan Mandal','Design and development of multi-material deposition (MMD) system&nbsp;Department of Science &amp; Technology(DST)');
INSERT INTO projects  (name, title) VALUES ('Chittaranjan Mandal','Virtual Labs Phase II&nbsp;MHRD, Department of Higher Education, NMEICT, New Delhi');
INSERT INTO students  (name, student_name, student_type, student_research_area) VALUES ('Chittaranjan Mandal','Kaushal Kishore Sharma','PhD STUDENTS',' Eductional Technology');
INSERT INTO students  (name, student_name, student_type, student_research_area) VALUES ('Chittaranjan Mandal','Bapi Kar','PhD STUDENTS',' Analog VLSI Design Methodology');
INSERT INTO students  (name, student_name, student_type, student_research_area) VALUES ('Chittaranjan Mandal','Jasaswi Prasad Mohanty','PhD STUDENTS',' Networking');
INSERT INTO students  (name, student_name, student_type, student_research_area) VALUES ('Chittaranjan Mandal','Soumya Pande','PhD STUDENTS',' Direct slicing in layered manufacturing');
INSERT INTO students  (name, student_name, student_type, student_research_area) VALUES ('Chittaranjan Mandal','Devleena Ghosh','PhD STUDENTS',' Computation modelling of physical systems');
INSERT INTO students  (name, student_name, student_type, student_research_area) VALUES ('Chittaranjan Mandal','Ilora Maity','PhD STUDENTS',' Applications of Networks');
INSERT INTO students  (name, student_name, student_type, student_research_area) VALUES ('Chittaranjan Mandal','Arindam Das','MS STUDENTS',' Railway Signal Interlocking');
INSERT INTO info  (name,designation,email,phone,website) VALUES ('Debdeep Mukhopadhyay','Associate Professor','debdeep@cse.iitkgp.ernet.in','+91-3222-282352','Not Found');
INSERT INTO awards  (name, award) VALUES ('Debdeep Mukhopadhyay','IAS Young Associate');
INSERT INTO projects  (name, title) VALUES ('Debdeep Mukhopadhyay','Hardware Security in the Context of a Connected World: Threats and Mitigations&nbsp;BRNS, DAE, MUMBAI');
INSERT INTO projects  (name, title) VALUES ('Debdeep Mukhopadhyay','Indigenous design methodologies for elliptic curve cryptography on FPGs&nbsp;Directorate of extramural research &amp; intellectual property rights (ER&amp;IPR), DRDO');
INSERT INTO projects  (name, title) VALUES ('Debdeep Mukhopadhyay','Information Security Education and Awareness (ISEA) Project Phase-II&nbsp;Department of Electronics &amp; Information Technology');
INSERT INTO projects  (name, title) VALUES ('Debdeep Mukhopadhyay','Next generation secured internet of things (SGDRI)&nbsp;SRIC, IIT KHARAGPUR');
INSERT INTO projects  (name, title) VALUES ('Debdeep Mukhopadhyay','Securing internet-of-things using unconventional cryptographic techniques&nbsp;Wipro Limited');
INSERT INTO students  (name, student_name, student_type, student_research_area) VALUES ('Debdeep Mukhopadhyay','Sarani Bhattacharya','PhD STUDENTS',' Cryptography and Architecture Security');
INSERT INTO students  (name, student_name, student_type, student_research_area) VALUES ('Debdeep Mukhopadhyay','Debapriya Basu Roy','PhD STUDENTS',' Cryptography');
INSERT INTO students  (name, student_name, student_type, student_research_area) VALUES ('Debdeep Mukhopadhyay','Urbi Chatterjee','PhD STUDENTS',' Hardware Security');
INSERT INTO students  (name, student_name, student_type, student_research_area) VALUES ('Debdeep Mukhopadhyay','Sikhar Patranabis','PhD STUDENTS',' Cryptography');
INSERT INTO students  (name, student_name, student_type, student_research_area) VALUES ('Debdeep Mukhopadhyay','Souvik Sonar','PhD STUDENTS',' Cryptography');
INSERT INTO students  (name, student_name, student_type, student_research_area) VALUES ('Debdeep Mukhopadhyay','Manaar Alam','PhD STUDENTS',' Machine Learning in Security/Cryptography');
INSERT INTO students  (name, student_name, student_type, student_research_area) VALUES ('Debdeep Mukhopadhyay','Brojo Gopal Sapui','PhD STUDENTS',' Cryptographic Implementations');
INSERT INTO students  (name, student_name, student_type, student_research_area) VALUES ('Debdeep Mukhopadhyay','Sayandeep Saha','PhD STUDENTS',' Formal Methods in Cryptography');
INSERT INTO students  (name, student_name, student_type, student_research_area) VALUES ('Debdeep Mukhopadhyay','Rajat Sadhukhan','PhD STUDENTS',' Cryptography');
INSERT INTO info  (name,designation,responsibility,email,website) VALUES ('Partha Pratim Chakrabarti','Director and Professor','Chairman, Senate','director@iitkgp.ernet.in','http://iitkgp.ac.in/fac-profiles/showprofile.php?empcode=ZZmVV&depts_name=CS');
INSERT INTO awards  (name, award) VALUES ('Partha Pratim Chakrabarti','INAE Young Engineer');
INSERT INTO publications  (name, year, title) VALUES ('Partha Pratim Chakrabarti',1986,'Heuristic search through islands  by Chakrabarti, P.P., Ghose, S., DeSarkar, S.C Artificial. Intelligence 29  339 - 347 ');
INSERT INTO publications  (name, year, title) VALUES ('Partha Pratim Chakrabarti',1989,'Heuristic search in restricted memory  by Chakrabarti, P.P., Ghose, S., Acharya A. and DeSarkar, S.C Artificial Intelligence 41  197 - 221 ');
INSERT INTO publications  (name, year, title) VALUES ('Partha Pratim Chakrabarti',1994,'Algorithms for searching explicit AND/OR graphs and their applications to problem reduction search  by Chakrabarti, P.P. Artificial Intelligence 65  329 - 345 ');
INSERT INTO publications  (name, year, title) VALUES ('Partha Pratim Chakrabarti',1996,'Searching Game Trees under a Partial order  by Dasgupta, P., Chakrabarti, P.P., De Sarkar, S.C. Artificial Intelligence 82  237 - 257 ');
INSERT INTO publications  (name, year, title) VALUES ('Partha Pratim Chakrabarti',1999,'Partial Precedence Constrained Scheduling  by Chakrabarti, P.P. IEEE Transactions on Computers 48 (10)  1127 - 1130 ');
INSERT INTO publications  (name, year, title) VALUES ('Partha Pratim Chakrabarti',2005,'A synthesis system for analog circuits based on evolutionary search and topological reuse  by T. R. Dastidar, P. P. Chakrabarti, P. Ray IEEE Transactions on Evolutionary Computation 9(2)  211-224 ');
INSERT INTO publications  (name, year, title) VALUES ('Partha Pratim Chakrabarti',2006,'Design Intent Coverage A New Paradigm for Formal Property Verification  by Basu, P., Das, S., Banerjee, A., Dasgupta, P., Chakrabarti, P.P., Mohan, C.R., Fix L., Armoni, R., IEEE Transactions on Computer Aided Design of Integrated Circuits &amp; Systems 25 (10)  1922 Â? 1934 ');
INSERT INTO publications  (name, year, title) VALUES ('Partha Pratim Chakrabarti',2012,'Algorithms for Generating Ordered Solutions for Explicit AND/OR Structures  by Priyankar Ghosh, Amit Sharma, P. P. Chakrabarti, Pallab Dasgupta Journal of Artificial Intelligence Research 44  275-333 ');
INSERT INTO publications  (name, year, title) VALUES ('Partha Pratim Chakrabarti',2014,'Robustness Analysis of Embedded Control Systems with respect to Signal Perturbations: Finding Minimal Counterexamples using Fault Injection  by S. G. Vadlamudi, P. P. Chakrabarti IEEE Transactions on Dependable and Secure Computing (TDSC)  48-58 ');
INSERT INTO publications  (name, year, title) VALUES ('Partha Pratim Chakrabarti',2015,'Layout-Aware Mixture Preparation of Biochemical Fluids on Application-Specific Digital Microfluidic Biochips  by Sudip Roy, Partha Pratim Chakrabarti, Srijan Kumar, Krishnendu Chakrabarty, Bhargab B. Bhattacharya ACM Trans. Design Autom. Electr. Syst., 20(3)  45 pages ');
INSERT INTO projects  (name, title) VALUES ('Partha Pratim Chakrabarti','A deep validation study of Indian Language system based on patterns of a) comparative Philology, Phonology &amp; Phonetics &amp; b) Psycho-Physics of Varnamala&nbsp;MHRD');
INSERT INTO projects  (name, title) VALUES ('Partha Pratim Chakrabarti','AI driven real time traffic incident prediction and traffic management&nbsp;MHRD');
INSERT INTO projects  (name, title) VALUES ('Partha Pratim Chakrabarti','Artificial intelligence for societal needs: knowledge discovery and intelligent decision making for solving problems in Indian context related to energy, climate, water, disaster management and traffic&nbsp;IIT KHARAGPUR');
INSERT INTO projects  (name, title) VALUES ('Partha Pratim Chakrabarti','Centre of excellence for training and research in Microfluidics&nbsp;IIT KHARAGPUR');
INSERT INTO projects  (name, title) VALUES ('Partha Pratim Chakrabarti','Centre of Excellence in robotics&nbsp;SRIC, IIT KHARAGPUR');
INSERT INTO projects  (name, title) VALUES ('Partha Pratim Chakrabarti','Development of national digital library (NDL) of India - towards building a national asset&nbsp;National Mission on Education through Communication &amp; Information Technology (NMEICT)');
INSERT INTO projects  (name, title) VALUES ('Partha Pratim Chakrabarti','Formal Methods for Verification of Power Management in Mixed Signal Designs&nbsp;INTEL CORPORATION, USA.');
INSERT INTO projects  (name, title) VALUES ('Partha Pratim Chakrabarti','GENERAL MOTORS ECS CRL FOR EDUCATION&nbsp;General Motors Technical Centre India Pvt. Ltd.');
INSERT INTO projects  (name, title) VALUES ('Partha Pratim Chakrabarti','INSTITUTIONAL DEVELOPMENT PROJECT (IDF)&nbsp;SRIC, IIT KHARAGPUR');
INSERT INTO projects  (name, title) VALUES ('Partha Pratim Chakrabarti','Intel embedded innovation lablet&nbsp;Intel Semiconductor (US) Limited');
INSERT INTO projects  (name, title) VALUES ('Partha Pratim Chakrabarti','J C Bose Fellowship&nbsp;Science and Engineering Research Board (SERB)');
INSERT INTO projects  (name, title) VALUES ('Partha Pratim Chakrabarti','Opened &amp; Intelligent Plug-in Hybrid Electric Vehicle (PHEV) Technologies for Smart Indian Cities&nbsp;Ministry of Heavy Industries and Public Enterprises, GoI');
INSERT INTO projects  (name, title) VALUES ('Partha Pratim Chakrabarti','Research on AGV&nbsp;SRIC, IIT KHARAGPUR');
INSERT INTO projects  (name, title) VALUES ('Partha Pratim Chakrabarti','SANDHI, Science -Technology &amp; Culture - Heritage Interface by IIT Kharagpur&nbsp;MHRD');
INSERT INTO projects  (name, title) VALUES ('Partha Pratim Chakrabarti','SYNOPSYS CAD LABORATORY PROJECTS&nbsp;Synopsys (India) Pvt.Ltd.');
INSERT INTO projects  (name, title) VALUES ('Partha Pratim Chakrabarti','To develop a scientific rationale of IELS (Indo-European Langauge Systems) applying a) Computational Linguistics &amp; b) Cognitive Geo-spatial mapping approaches&nbsp;MHRD');
INSERT INTO projects  (name, title) VALUES ('Partha Pratim Chakrabarti','User emotion classification from keyboard keystroke&nbsp;SRIC, IIT KHARAGPUR');
INSERT INTO students  (name, student_name, student_type, student_research_area) VALUES ('Partha Pratim Chakrabarti','Shreya Matilal','PhD STUDENTS',' Internet and Media Law');
INSERT INTO students  (name, student_name, student_type, student_research_area) VALUES ('Partha Pratim Chakrabarti','Rajorshee Raha','PhD STUDENTS',' Validation of Embedded Real Time Control');
INSERT INTO students  (name, student_name, student_type, student_research_area) VALUES ('Partha Pratim Chakrabarti','Gaurav Saxena','PhD STUDENTS',' Artificial Intelligence');
INSERT INTO info  (name,designation,responsibility,email,phone) VALUES ('Dipanwita Roy Chowdhury','Professor','Chairman, Kalpana Chawla Space Technology Cell','drc@cse.iitkgp.ernet.in','+91-3222-283490');
INSERT INTO projects  (name, title) VALUES ('Dipanwita Roy Chowdhury','Design and efficient implementation of advanced encryption and decryption techniques for use in spacecraft communication&nbsp;ISRO, IIT KHARAGPUR CELL');
INSERT INTO projects  (name, title) VALUES ('Dipanwita Roy Chowdhury','Design of broadband rectifying antenna for RF energy scavenging applications&nbsp;SERC Division, Department of Science &amp; Technology');
INSERT INTO projects  (name, title) VALUES ('Dipanwita Roy Chowdhury','Indigeneous Authenticated Encryption for Satellite Communication&nbsp;KCSTC');
INSERT INTO projects  (name, title) VALUES ('Dipanwita Roy Chowdhury','ISRO-IIT KHARAGPUR SPACE TECHNOLOGY CELL&nbsp;ISRO HQ');
INSERT INTO students  (name, student_name, student_type, student_research_area) VALUES ('Dipanwita Roy Chowdhury','Swapan Maiti','PhD STUDENTS',' Cellular Automata');
INSERT INTO students  (name, student_name, student_type, student_research_area) VALUES ('Dipanwita Roy Chowdhury','Souvik Sur','PhD STUDENTS',' Cryptology');
INSERT INTO students  (name, student_name, student_type, student_research_area) VALUES ('Dipanwita Roy Chowdhury','Anindya Ganguly','MS STUDENTS',' Cryptography');
INSERT INTO students  (name, student_name, student_type, student_research_area) VALUES ('Dipanwita Roy Chowdhury','Tapadyoti Banerjee','MS STUDENTS',' Cryptography and Security');
INSERT INTO info  (name,designation,email,phone) VALUES ('Dipankar Sarkar','Professor','ds@cse.iitkgp.ernet.in','+91-3222-283492');
INSERT INTO students  (name, student_name, student_type, student_research_area) VALUES ('Dipankar Sarkar','Sudakshina Dutta','PhD STUDENTS',' Formal Verification of systems');
INSERT INTO info  (name,designation,email,phone,website) VALUES ('Debasis Samanta','Associate Professor','dsamanta@iitkgp.ac.in','+91-3222-282334','http://www.nid.iitkgp.ernet.in/DSamanta/');
INSERT INTO awards  (name, award) VALUES ('Debasis Samanta','Microsoft Valued Professional');
INSERT INTO projects  (name, title) VALUES ('Debasis Samanta','Virtual Labs Phase II&nbsp;MHRD, Department of Higher Education, NMEICT, New Delhi');
INSERT INTO students  (name, student_name, student_type, student_research_area) VALUES ('Debasis Samanta','Sreeja S R','PhD STUDENTS',' Human Computer Interaction');
INSERT INTO students  (name, student_name, student_type, student_research_area) VALUES ('Debasis Samanta','Anushri Saha','PhD STUDENTS',' Brain Computing Interface');
INSERT INTO students  (name, student_name, student_type, student_research_area) VALUES ('Debasis Samanta','Arpita Chaudhuri','PhD STUDENTS',' Big Data Analysis');
INSERT INTO students  (name, student_name, student_type, student_research_area) VALUES ('Debasis Samanta','Nirendu Konar','PhD STUDENTS',' Data Analytics in Management');
INSERT INTO info  (name,designation,email,phone) VALUES ('Indranil Sengupta','Professor','isg@iitkgp.ac.in','+91-3222-283496');
INSERT INTO projects  (name, title) VALUES ('Indranil Sengupta','TEPP OUTREACH CENTRE&nbsp;Department of Science &amp; Technology(DST)');
INSERT INTO info  (name,designation,email,phone) VALUES ('Jayanta Mukhopadhyay','Professor','jay@cse.iitkgp.ernet.in','+91-3222-283484');
INSERT INTO awards  (name, award) VALUES ('Jayanta Mukhopadhyay','Fellow of INAE (2009)');
INSERT INTO projects  (name, title) VALUES ('Jayanta Mukhopadhyay','Centre of Excellence in robotics&nbsp;SRIC, IIT KHARAGPUR');
INSERT INTO projects  (name, title) VALUES ('Jayanta Mukhopadhyay','Cooperative multi - UAV exploration&nbsp;SRIC, IIT KHARAGPUR');
INSERT INTO projects  (name, title) VALUES ('Jayanta Mukhopadhyay','Cuff-less estimation of blood pressure using photoplethysmography for early assessment of hypertension and cardiovascular disease in Rural Population&nbsp;MHRD');
INSERT INTO projects  (name, title) VALUES ('Jayanta Mukhopadhyay','Development of a Remote Healthcare Delivery System&nbsp;IoTimize LLC');
INSERT INTO projects  (name, title) VALUES ('Jayanta Mukhopadhyay','Development of low cost wearable sensor harness-based remote monitoring system for sick patients under five years age&nbsp;MHRD');
INSERT INTO projects  (name, title) VALUES ('Jayanta Mukhopadhyay','Development of OCR and PDF viewer&nbsp;ARC Document Solutions India Pvt. Ltd.');
INSERT INTO projects  (name, title) VALUES ('Jayanta Mukhopadhyay','Effective Drug Repurposing Through Literature &amp; Patent Mining, Data Integration &amp; Development of Systems Pharmacology Platform&nbsp;Department of Electronics and Information Technology');
INSERT INTO projects  (name, title) VALUES ('Jayanta Mukhopadhyay','Expansion of telemedicine project in Tripura&nbsp;Webel Electronic Communication Systems Ltd,');
INSERT INTO projects  (name, title) VALUES ('Jayanta Mukhopadhyay','Predicting Cancer treatment outcomes of lung and colo-rectal cancer by modeling and analysis of anatomic and metabolic images&nbsp;MHRD');
INSERT INTO projects  (name, title) VALUES ('Jayanta Mukhopadhyay','Research and development in the area of information in health care and medical informatics&nbsp;Various Govt. and Private Agencies');
INSERT INTO projects  (name, title) VALUES ('Jayanta Mukhopadhyay','Resilence, recovery and re-integration of psychological health in young adults&nbsp;MHRD');
INSERT INTO projects  (name, title) VALUES ('Jayanta Mukhopadhyay','Robo-soccer research by Kharagpur Robot Soccer Students Group&nbsp;SRIC, IIT KHARAGPUR');
INSERT INTO projects  (name, title) VALUES ('Jayanta Mukhopadhyay','Robot as a social assistance and robotic framework for exploring rugged and potentially hazardous terrain&nbsp;SRIC, IIT KHARAGPUR');
INSERT INTO projects  (name, title) VALUES ('Jayanta Mukhopadhyay','Signals &amp; systems for life science&nbsp;MHRD');
INSERT INTO projects  (name, title) VALUES ('Jayanta Mukhopadhyay','Whole cell modeling and simulation in bacterium escherichia coli (SGIGC)&nbsp;SRIC, IIT KHARAGPUR');
INSERT INTO students  (name, student_name, student_type, student_research_area) VALUES ('Jayanta Mukhopadhyay','Dr Arunava Biswas','PhD STUDENTS',' Medical Informatics');
INSERT INTO students  (name, student_name, student_type, student_research_area) VALUES ('Jayanta Mukhopadhyay','Raj Bhagath Pudi','PhD STUDENTS',' Video Coding');
INSERT INTO students  (name, student_name, student_type, student_research_area) VALUES ('Jayanta Mukhopadhyay','Saikat Basu','PhD STUDENTS',' Medical Imaging and Image Processing');
INSERT INTO students  (name, student_name, student_type, student_research_area) VALUES ('Jayanta Mukhopadhyay','Soumyadeep Dey','PhD STUDENTS',' Image Processing &amp; Pattern Recognition');
INSERT INTO students  (name, student_name, student_type, student_research_area) VALUES ('Jayanta Mukhopadhyay','Soumabha Bhowmick','PhD STUDENTS',' Robotics and computer vision');
INSERT INTO students  (name, student_name, student_type, student_research_area) VALUES ('Jayanta Mukhopadhyay','Bijju Kranthi Veduruparthi','PhD STUDENTS',' Computer Vision');
INSERT INTO students  (name, student_name, student_type, student_research_area) VALUES ('Jayanta Mukhopadhyay','Nandedkar Amit Vijay','PhD STUDENTS',' Image and video processing');
INSERT INTO students  (name, student_name, student_type, student_research_area) VALUES ('Jayanta Mukhopadhyay','Anup Kumar Roy','PhD STUDENTS',' Medical Embedded Systems');
INSERT INTO students  (name, student_name, student_type, student_research_area) VALUES ('Jayanta Mukhopadhyay','Shashaank M A','PhD STUDENTS',' Image Processing');
INSERT INTO students  (name, student_name, student_type, student_research_area) VALUES ('Jayanta Mukhopadhyay','Jit Mukherjee','PhD STUDENTS',' Image Processing and data analytics');
INSERT INTO students  (name, student_name, student_type, student_research_area) VALUES ('Jayanta Mukhopadhyay','Aritra Mahapatra','PhD STUDENTS',' Bioinformatics and image processing');
INSERT INTO students  (name, student_name, student_type, student_research_area) VALUES ('Jayanta Mukhopadhyay','Sudipta Ghosh','PhD STUDENTS',' Embedded Systems and Medical Instrumentation');
INSERT INTO students  (name, student_name, student_type, student_research_area) VALUES ('Jayanta Mukhopadhyay','Tushar Dilip Mungle','PhD STUDENTS',' Medical Image Analysis');
INSERT INTO students  (name, student_name, student_type, student_research_area) VALUES ('Jayanta Mukhopadhyay','Piyush Kanti Bhunre','PhD STUDENTS',' Discrete geometry');
INSERT INTO students  (name, student_name, student_type, student_research_area) VALUES ('Jayanta Mukhopadhyay','Himadri Sekhar Bhunia','PhD STUDENTS',' Object Tracking and Formation Control');
INSERT INTO students  (name, student_name, student_type, student_research_area) VALUES ('Jayanta Mukhopadhyay','Jayasree Saha','PhD STUDENTS',' Image Processing');
INSERT INTO students  (name, student_name, student_type, student_research_area) VALUES ('Jayanta Mukhopadhyay','K Sai Ram','MS STUDENTS',' Image processing and robotics');
INSERT INTO students  (name, student_name, student_type, student_research_area) VALUES ('Jayanta Mukhopadhyay','Romil Roy','MS STUDENTS',' Computer Science with Psychological Applications');
INSERT INTO students  (name, student_name, student_type, student_research_area) VALUES ('Jayanta Mukhopadhyay','Chaudhari Ushasi Subhasis Sucharita','MS STUDENTS',' Image Processing');
INSERT INTO students  (name, student_name, student_type, student_research_area) VALUES ('Jayanta Mukhopadhyay','M Sai Phani Kumar','MS STUDENTS',' Image Processing');
INSERT INTO students  (name, student_name, student_type, student_research_area) VALUES ('Jayanta Mukhopadhyay','Dipannita Podder','MS STUDENTS',' Image Processing');
INSERT INTO students  (name, student_name, student_type, student_research_area) VALUES ('Jayanta Mukhopadhyay','Ayan Chakraborty','MS STUDENTS',' Biomedical signal processing');
INSERT INTO students  (name, student_name, student_type, student_research_area) VALUES ('Jayanta Mukhopadhyay','Ankita Saha','MS STUDENTS',' Natural Language Processing');
INSERT INTO info  (name,designation,responsibility,email,phone,website) VALUES ('Krothapalli Sreenivasa Rao','Associate Professor','Chairman, GATE/JAM','ksrao@sit.iitkgp.ernet.in','+91-3222-282336','http://www.iitkgp.ac.in/fac-profiles/showprofile.php?empcode=bYmWU');
INSERT INTO publications  (name, year, title) VALUES ('Krothapalli Sreenivasa Rao',2006,'Prosody modification using instants of significant excitation  by K. Sreenivasa Rao and B. Yegnanarayana IEEETransactions on Audio, Speech and Language Processing Vol. 14, IEEE  972 - 980 ');
INSERT INTO publications  (name, year, title) VALUES ('Krothapalli Sreenivasa Rao',2007,'Determination of instants of significant excitation in speech using Hilbert envelope and group delay function  by K. Sreenivasa Rao, S. R. M. Prasanna and B. Yegnanarayana IEEE Signal Processing Letters Vol. 14, IEEE  762 - 765 ');
INSERT INTO publications  (name, year, title) VALUES ('Krothapalli Sreenivasa Rao',2009,'Duration modification using Glottal Closure Instants and Vowel Onset Points  by K. Sreenivasa Rao and B. Yegnanarayana Speech Communication Vol. 59, Elsevier  1263 - 1269 ');
INSERT INTO publications  (name, year, title) VALUES ('Krothapalli Sreenivasa Rao',2010,'Voice Conversion by Mapping the Speaker-specific features using Pitch Synchronous Approach  by K. Sreenivasa Rao Computer Speech and Language Vol. 24, Elsevier  474 - 494 ');
INSERT INTO publications  (name, year, title) VALUES ('Krothapalli Sreenivasa Rao',2012,'Vowel Onset Point Detection for Low Bit Rate Coded Speech  by Anil Kumar Vuppala, Jainath Yadav, Saswat Chakrabarti and K. Sreenivasa Rao IEEETransactions on Audio, Speech and Language Processing Vol. 20, No. 6, IEEE  1894 - 1903 ');
INSERT INTO publications  (name, year, title) VALUES ('Krothapalli Sreenivasa Rao',2013,'Non -Uniform Time Scale Modification Using Instants of Significant Excitation and Vowel Onset Points  by K. Sreenivasa Rao and Anil Kumar Vuppala Speech Communication Vol. 55, No. 6, Elsevier  745 - 756 ');
INSERT INTO publications  (name, year, title) VALUES ('Krothapalli Sreenivasa Rao',2013,'Two -Stage Intonation Modeling using Feedforward Neural Networks for syllable based Text -to-Speech Synthesis  by V. Ramu Reddy and K. Sreenivasa Rao Computer Speech and Language Vol. 27, Elsevier  1105 - 1126 ');
INSERT INTO publications  (name, year, title) VALUES ('Krothapalli Sreenivasa Rao',2013,'Detection of Vowel Offset Point from Speech Signal  by Jainath Yadav and K. Sreenivasa Rao Signal Processing Letters Vol. 20, No. 4, IEEE  299 - 302 ');
INSERT INTO publications  (name, year, title) VALUES ('Krothapalli Sreenivasa Rao',2016,'Time - Domain Deterministic Plus Noise Model based Hybrid Source Modeling for HMM - Based Speech Synthesis  by N. P. Narendra and K. Sreenivasa Rao Speech Communication Vol. 77, Elsevier  65 - 83 ');
INSERT INTO publications  (name, year, title) VALUES ('Krothapalli Sreenivasa Rao',2016,'Voice/Non-voice Detection Using Phase of Zero Frequency Filtered Speech Signal  by S. B. Sunil Kumar and K. Sreenivasa Rao Speech Communication Vol. 81, Elsevier  90 - 103 ');
INSERT INTO projects  (name, title) VALUES ('Krothapalli Sreenivasa Rao','Centre of Excellence in robotics&nbsp;SRIC, IIT KHARAGPUR');
INSERT INTO projects  (name, title) VALUES ('Krothapalli Sreenivasa Rao','Decoding and exploring ancient classification of Indian music through machine learning method and audience response&nbsp;MHRD');
INSERT INTO projects  (name, title) VALUES ('Krothapalli Sreenivasa Rao','Robot as a social assistance and robotic framework for exploring rugged and potentially hazardous terrain&nbsp;SRIC, IIT KHARAGPUR');
INSERT INTO students  (name, student_name, student_type, student_research_area) VALUES ('Krothapalli Sreenivasa Rao','Jainath Yadav','PhD STUDENTS',' Speech Processing');
INSERT INTO students  (name, student_name, student_type, student_research_area) VALUES ('Krothapalli Sreenivasa Rao','Pradeep R','PhD STUDENTS',' Music Signal Processing');
INSERT INTO students  (name, student_name, student_type, student_research_area) VALUES ('Krothapalli Sreenivasa Rao','Tanumay Mandal','PhD STUDENTS',' Speech Processing');
INSERT INTO students  (name, student_name, student_type, student_research_area) VALUES ('Krothapalli Sreenivasa Rao','Sutapa Bhattacharya','PhD STUDENTS',' Speech Processing');
INSERT INTO students  (name, student_name, student_type, student_research_area) VALUES ('Krothapalli Sreenivasa Rao','Kiran Reddy M','PhD STUDENTS',' Speech Processing');
INSERT INTO students  (name, student_name, student_type, student_research_area) VALUES ('Krothapalli Sreenivasa Rao','Pradeep R','PhD STUDENTS',' Speech Processing');
INSERT INTO students  (name, student_name, student_type, student_research_area) VALUES ('Krothapalli Sreenivasa Rao','Saikat Biswas','PhD STUDENTS',' Audio Data Analytics');
INSERT INTO students  (name, student_name, student_type, student_research_area) VALUES ('Krothapalli Sreenivasa Rao','Saurabh Bandhu','PhD STUDENTS',' Speech Processing');
INSERT INTO students  (name, student_name, student_type, student_research_area) VALUES ('Krothapalli Sreenivasa Rao','Kishore Kumar R','PhD STUDENTS',' Speech Processing');
INSERT INTO students  (name, student_name, student_type, student_research_area) VALUES ('Krothapalli Sreenivasa Rao','Kumud Tripathi','PhD STUDENTS',' Speech Processing');
INSERT INTO students  (name, student_name, student_type, student_research_area) VALUES ('Krothapalli Sreenivasa Rao','Debopriyo Banerjee','PhD STUDENTS',' Data Analytics');
INSERT INTO students  (name, student_name, student_type, student_research_area) VALUES ('Krothapalli Sreenivasa Rao','Abhijit Debnath','PhD STUDENTS',' Multimedia Data Analytics');
INSERT INTO students  (name, student_name, student_type, student_research_area) VALUES ('Krothapalli Sreenivasa Rao','Gurunath Reddy M','PhD STUDENTS',' Music Signal Processing');
INSERT INTO students  (name, student_name, student_type, student_research_area) VALUES ('Krothapalli Sreenivasa Rao','Haque Arijul','MS STUDENTS',' Speech Processing');
INSERT INTO students  (name, student_name, student_type, student_research_area) VALUES ('Krothapalli Sreenivasa Rao','Arup Kumar Dutta','MS STUDENTS',' Speech Processing');
INSERT INTO students  (name, student_name, student_type, student_research_area) VALUES ('Krothapalli Sreenivasa Rao','Gurunath Reddy M','MS STUDENTS',' Speech Processing');
INSERT INTO students  (name, student_name, student_type, student_research_area) VALUES ('Krothapalli Sreenivasa Rao','Prasenjit Dhara','MS STUDENTS',' Speech Processing');
INSERT INTO info  (name,designation,email,phone,website) VALUES ('Niloy Ganguly','Professor','niloy@cse.iitkgp.ernet.in','+91-3222-283460','http://www.facweb.iitkgp.ernet.in/~niloy/');
INSERT INTO publications  (name, year, title) VALUES ('Niloy Ganguly',2016,'Understanding Language Preference for Expression of Opinion and Sentiment: What do Hindi-English Speakers do on Twitter?  by Koustav Rudra, Shruti Rijhwani, Rafiya Begum, Kalika Bali, Monojit Choudhury and Niloy Ganguly EMNLP Texus, Austin, USA  ');
INSERT INTO publications  (name, year, title) VALUES ('Niloy Ganguly',2016,'GenPerm: A Unified Method for Detecting Non-overlapping and Overlapping Communities.  by Tanmoy Chakraborty, Suhansanu Kumar, Niloy Ganguly, Animesh Mukherjee, Sanjukta Bhowmick. IEEE Trans. Knowl. Data Eng. 28(8)  2101-2114 ');
INSERT INTO publications  (name, year, title) VALUES ('Niloy Ganguly',2016,'STRM: A Sister Tweet Reinforcement Process for Modeling Hashtag Popularity,  by Bidisha Samanta, Abir De, Niloy Ganguly INFOCOM Atlanta, GA  ');
INSERT INTO publications  (name, year, title) VALUES ('Niloy Ganguly',2016,'Discriminative Link Prediction using Local, Community and Global Signals  by Abir De, Sourangshu Bhattacharya, Sourav Sarkar, Niloy Ganguly, Soumen Chakraborty IEEE Trans. Knowl. Data Eng. 28(8)  2057-2070 ');
INSERT INTO publications  (name, year, title) VALUES ('Niloy Ganguly',2016,'Learning and Forecasting Opinion Dynamics in Social Network  by Abir De, Isabel Valera, Niloy Ganguly, Sourangshu Bhattacharya, Manuel Gomez-Rodrigue NIPS  ');
INSERT INTO publications  (name, year, title) VALUES ('Niloy Ganguly',2016,'UrbanEye: An Outdoor Localization System for Public Transport  by Rohit Verma, Aviral Shrivastava, Bivas Mitra, Sujoy Saha, Niloy Ganguly, Subrata Nandi and Sandip Chakraborty INFOCOM San Fransisco, USA  1-9 ');
INSERT INTO publications  (name, year, title) VALUES ('Niloy Ganguly',2016,'On the Wisdom of Experts vs. Crowds: Discovering Trustworthy Topical News in Microblogs  by M. Billal Zafar, Parantapa Bhattacharya, Niloy Ganguly, Saptarshi Ghosh, Krishna. P. Gummadi. CSCW San Fransisco, USA  437-450 ');
INSERT INTO publications  (name, year, title) VALUES ('Niloy Ganguly',2016,'Permanence and Community Structure in Complex Networks,  by Tanmoy Chakraborty, Sriram, Niloy Ganguly, Animesh Mukherjee, Sanjukta Bhowmick, ACM Transactions on Knowledge Discovery from Data  ');
INSERT INTO publications  (name, year, title) VALUES ('Niloy Ganguly',2016,'Time series analysis of temporal networks.  by Sandipan Sikdar, Niloy Ganguly, Animesh Mukherjee Euro Physics Journal B 89(1)  1-11 ');
INSERT INTO publications  (name, year, title) VALUES ('Niloy Ganguly',2016,'Distinguishing between Topical and Non-topical Information Diffusion Mechanisms in Social Media,  by Przemyslaw Grabowicz, Niloy Ganguly and Krishna Gummadi ICWSM  151-160 ');
INSERT INTO projects  (name, title) VALUES ('Niloy Ganguly','Analyzing the Dynamics of Critical Information Diffusion on Social Media: A Network Science Initiative (DyCiN)&nbsp;Indo-Belgian Research and Technology Cooperation');
INSERT INTO projects  (name, title) VALUES ('Niloy Ganguly','Classification &amp; Progression Modelling of Cardiovascular &amp; Pulmonary Diseases Using Advanced Data Analytics &amp; Machine Learning Techniques&nbsp;IoTimize LLC');
INSERT INTO projects  (name, title) VALUES ('Niloy Ganguly','Data driven approaches for inferring opinion dynamics on social networks&nbsp;Department of Science &amp; Technology(DST)');
INSERT INTO projects  (name, title) VALUES ('Niloy Ganguly','Design and Development of Activity/Event Based Authentication Framework&nbsp;Bharat Electronics Ltd. (A Govt. of India Enterprise) Central Research Laboratory');
INSERT INTO projects  (name, title) VALUES ('Niloy Ganguly','Design and Development of Security Module to Prevent Information Leakage from Android Systems&nbsp;Bharat Electronics Ltd. (A Govt. of India Enterprise) Central Research Laboratory');
INSERT INTO projects  (name, title) VALUES ('Niloy Ganguly','Efficiently Managing Storage Space in IOT (Internet of Things)&nbsp;Hewlett Packard (India) Software Operations Private Limited');
INSERT INTO projects  (name, title) VALUES ('Niloy Ganguly','Evolving communities and information spreading&nbsp;Indo-French Centre for the promotion of Avanced Research (CEFIPRA)');
INSERT INTO projects  (name, title) VALUES ('Niloy Ganguly','Fast and communication efficient distributed supervised machine learning system using big data platforms&nbsp;Science and Engineering Research Board (SERB)');
INSERT INTO projects  (name, title) VALUES ('Niloy Ganguly','From Word Senses to Entity Roles: Identifying Temporal and Media-specific Scopes Through Big Data Analytics&nbsp;Indian National Science Academy');
INSERT INTO projects  (name, title) VALUES ('Niloy Ganguly','Google Unrestricted Fund for Social Computing&nbsp;GOOGLE INDIA PVT. LTD');
INSERT INTO projects  (name, title) VALUES ('Niloy Ganguly','Identifying topical experts on twitter&nbsp;Yahoo');
INSERT INTO projects  (name, title) VALUES ('Niloy Ganguly','Leveraging bipartite network to investigate the dynamical properties of socio-technical systems&nbsp;Samsung Electronics Co.Ltd.');
INSERT INTO projects  (name, title) VALUES ('Niloy Ganguly','NSF and Intel grants to Georgia State University&nbsp;NSF and Intel Grants to Georgia State University');
INSERT INTO projects  (name, title) VALUES ('Niloy Ganguly','Post disaster situation analysis and resource management using delay tolerant peer to peer wireless networks (DISARM)&nbsp;Information Technology Research Academy (ITRA)');
INSERT INTO projects  (name, title) VALUES ('Niloy Ganguly','QoS Based Network Resource Management to Cater to Dynamic Workload Mobility in Hyperconverged Architecture&nbsp;Hewlett Packard (India) Software Operations Private Limited');
INSERT INTO projects  (name, title) VALUES ('Niloy Ganguly','Real Time Failure Prediction System&nbsp;NetApp India Private Limited');
INSERT INTO projects  (name, title) VALUES ('Niloy Ganguly','Real time fault prediction system&nbsp;NetApp India Private Limited');
INSERT INTO projects  (name, title) VALUES ('Niloy Ganguly','Social computing for e-commerce&nbsp;Flipkart Internet Private Ltd.');
INSERT INTO projects  (name, title) VALUES ('Niloy Ganguly','Understanding Different Pragmatic Functions Behind Code-Switching&nbsp;MICROSOFT RESEARCH LAB. INDIA PVT. LTD., BANGALORE');
INSERT INTO projects  (name, title) VALUES ('Niloy Ganguly','Unrestricted Grant for Estimation of Product Response using Temporal Modeling of Past Events&nbsp;Flipkart Internet Private Ltd.');
INSERT INTO projects  (name, title) VALUES ('Niloy Ganguly','Unrestricted grant for research in social networks and user-generated content&nbsp;Dr. M Chelliah, Head, Academic Relations, Yahoo India R &amp; D');
INSERT INTO projects  (name, title) VALUES ('Niloy Ganguly','Unrestricted research grant in social computing&nbsp;MICROSOFT CORPORATION');
INSERT INTO projects  (name, title) VALUES ('Niloy Ganguly','Unrestricted Travel Grant&nbsp;Various Institutes/Organisations');
INSERT INTO students  (name, student_name, student_type, student_research_area) VALUES ('Niloy Ganguly','Parantapa Bhattacharya','PhD STUDENTS',' Cloud Computing and Online Social Network');
INSERT INTO students  (name, student_name, student_type, student_research_area) VALUES ('Niloy Ganguly','Abir De','PhD STUDENTS',' Social Network');
INSERT INTO students  (name, student_name, student_type, student_research_area) VALUES ('Niloy Ganguly','Sandipan Sikdar','PhD STUDENTS',' Time varying networks');
INSERT INTO students  (name, student_name, student_type, student_research_area) VALUES ('Niloy Ganguly','Koustav Rudra','PhD STUDENTS',' Social Networks');
INSERT INTO students  (name, student_name, student_type, student_research_area) VALUES ('Niloy Ganguly','Abhijnan Chakraborty','PhD STUDENTS',' Social Computing');
INSERT INTO students  (name, student_name, student_type, student_research_area) VALUES ('Niloy Ganguly','Surjya Ghosh','PhD STUDENTS',' Mobile Networks and Applications');
INSERT INTO students  (name, student_name, student_type, student_research_area) VALUES ('Niloy Ganguly','Madhumita Mallick','PhD STUDENTS',' IOT');
INSERT INTO students  (name, student_name, student_type, student_research_area) VALUES ('Niloy Ganguly','Bidisha Samanta','PhD STUDENTS',' Social Network');
INSERT INTO students  (name, student_name, student_type, student_research_area) VALUES ('Niloy Ganguly','Sankarshan Mridha','MS STUDENTS',' Complex Networks and Machine Learning');
INSERT INTO students  (name, student_name, student_type, student_research_area) VALUES ('Niloy Ganguly','Subhendu Khatuya','MS STUDENTS',' Recommendation system');
INSERT INTO students  (name, student_name, student_type, student_research_area) VALUES ('Niloy Ganguly','Satadal Sengupta','MS STUDENTS',' ');
INSERT INTO students  (name, student_name, student_type, student_research_area) VALUES ('Niloy Ganguly','Supritam Bhattacharjee','MS STUDENTS',' Machine Learning for Healthcare');
INSERT INTO info  (name,designation,email,phone,website) VALUES ('Pabitra Mitra','Associate Professor','pabitra@cse.iitkgp.ernet.in','+91-3222-282356','http://cse.iitkgp.ac.in/~pabitra/');
INSERT INTO awards  (name, award) VALUES ('Pabitra Mitra','IBM Faculty Award');
INSERT INTO projects  (name, title) VALUES ('Pabitra Mitra','AI driven real time traffic incident prediction and traffic management&nbsp;MHRD');
INSERT INTO projects  (name, title) VALUES ('Pabitra Mitra','Application of artificial intelligence in groundwater storage estimation of Indian subcontinent&nbsp;MHRD');
INSERT INTO projects  (name, title) VALUES ('Pabitra Mitra','Architectural and Algorithmic Optimizations for Speech Based Communication Interfaces on Mobile Device&nbsp;INTEL TECHNOLOGY INDIA PVT. LTD.');
INSERT INTO projects  (name, title) VALUES ('Pabitra Mitra','Artificial intelligence for societal needs: knowledge discovery and intelligent decision making for solving problems in Indian context related to energy, climate, water, disaster management and traffic&nbsp;IIT KHARAGPUR');
INSERT INTO projects  (name, title) VALUES ('Pabitra Mitra','Decision support system for infrastructure planning and management in coastal areas of West Bengal&nbsp;MHRD');
INSERT INTO projects  (name, title) VALUES ('Pabitra Mitra','Deep Learning for Automated Feature Discovery in Hyper Spectral Images&nbsp;ISRO, IIT KHARAGPUR CELL');
INSERT INTO projects  (name, title) VALUES ('Pabitra Mitra','Development of Cross Lingual Information Access System - CLIA - Phase 2&nbsp;Ministry of Communication &amp; Information Technology, Department of Information Technology');
INSERT INTO projects  (name, title) VALUES ('Pabitra Mitra','E Business Center of Excellence&nbsp;MHRD');
INSERT INTO projects  (name, title) VALUES ('Pabitra Mitra','Feature extraction and data mining from climate data&nbsp;MHRD');
INSERT INTO projects  (name, title) VALUES ('Pabitra Mitra','Improvement of safety of school trips and traffic management around schools in urban areas: Kolkata as a pilot study&nbsp;MHRD');
INSERT INTO projects  (name, title) VALUES ('Pabitra Mitra','Improving breast cancer diagnosis and prognostication: Automated multimodality image analytics to develop easily accessible quick throughput solutions&nbsp;MHRD');
INSERT INTO projects  (name, title) VALUES ('Pabitra Mitra','Multimodal and multi-scale imaging for early diagnosis and interventional management of oral pre-cancers and cancer&nbsp;MHRD');
INSERT INTO projects  (name, title) VALUES ('Pabitra Mitra','Noninvasive characterization of healing and nonhealing wounds and development of honey-biomaterial and stem cell based wound therapy&nbsp;MHRD');
INSERT INTO projects  (name, title) VALUES ('Pabitra Mitra','Recommendation for Replenishment Purchases&nbsp;Flipkart Internet Private Ltd.');
INSERT INTO projects  (name, title) VALUES ('Pabitra Mitra','Safety Analytics: Save People at Work from Accident and Injuries&nbsp;MHRD');
INSERT INTO projects  (name, title) VALUES ('Pabitra Mitra','Safety Analytics: Save People at Work from Accident and Injuries&nbsp;MHRD');
INSERT INTO projects  (name, title) VALUES ('Pabitra Mitra','Safety Analytics: Save People at Work from Accident and Injuries&nbsp;MHRD');
INSERT INTO projects  (name, title) VALUES ('Pabitra Mitra','Segmentation and design of bus service in urban India: Kolkata as a pilot study&nbsp;MHRD');
INSERT INTO projects  (name, title) VALUES ('Pabitra Mitra','Understanding the extent and natural/anthropogenic controls on groundwater recharge in water scarce areas of western districts of West Bengal&nbsp;Public Health Engineering Directorate, Govt. of West Bengal');
INSERT INTO projects  (name, title) VALUES ('Pabitra Mitra','Unique Representation of Coding Profile along Length of Coil Steel&nbsp;TATA STEEL LIMITED');
INSERT INTO projects  (name, title) VALUES ('Pabitra Mitra','Yahoo Faculty Award&nbsp;Dr. M Chelliah, Head, Academic Relations, Yahoo India R &amp; D');
INSERT INTO students  (name, student_name, student_type, student_research_area) VALUES ('Pabitra Mitra','Anupam Mandal','PhD STUDENTS',' Speech Processing');
INSERT INTO students  (name, student_name, student_type, student_research_area) VALUES ('Pabitra Mitra','Arindam Dasgupta','PhD STUDENTS',' Information System');
INSERT INTO students  (name, student_name, student_type, student_research_area) VALUES ('Pabitra Mitra','Priyanka Sinha','PhD STUDENTS',' Text Mining');
INSERT INTO students  (name, student_name, student_type, student_research_area) VALUES ('Pabitra Mitra','Kousik Biswas','PhD STUDENTS',' Algorithmic Development of PSInSAR and GeoImaging for Applications');
INSERT INTO students  (name, student_name, student_type, student_research_area) VALUES ('Pabitra Mitra','Vaibhav Singh Lodhi','PhD STUDENTS',' Development of DIP-based algorithm and laboratory based hyperspectral sensor for GeoResources applications.');
INSERT INTO students  (name, student_name, student_type, student_research_area) VALUES ('Pabitra Mitra','Debarghya China','PhD STUDENTS',' Medical Image Analysis');
INSERT INTO students  (name, student_name, student_type, student_research_area) VALUES ('Pabitra Mitra','Sreeja S R','PhD STUDENTS',' Human Computer Interaction');
INSERT INTO students  (name, student_name, student_type, student_research_area) VALUES ('Pabitra Mitra','Biswajoy Ghosh','PhD STUDENTS',' Correlated Multi-modal Imaging and Analysis of Oral Pre-cancer/ Cancer');
INSERT INTO students  (name, student_name, student_type, student_research_area) VALUES ('Pabitra Mitra','Meghabriti Pramanik','PhD STUDENTS',' Statistical Signal Analysis');
INSERT INTO students  (name, student_name, student_type, student_research_area) VALUES ('Pabitra Mitra','Saikat Biswas','PhD STUDENTS',' Audio Data Analytics');
INSERT INTO students  (name, student_name, student_type, student_research_area) VALUES ('Pabitra Mitra','Anirban Santara','PhD STUDENTS',' Machine learning');
INSERT INTO students  (name, student_name, student_type, student_research_area) VALUES ('Pabitra Mitra','Anushree Basu','PhD STUDENTS',' Multi-spectral Image Processing and Human Monitoring');
INSERT INTO students  (name, student_name, student_type, student_research_area) VALUES ('Pabitra Mitra','Sonam Singh','MS STUDENTS',' Cl;imate Data Mining');
INSERT INTO students  (name, student_name, student_type, student_research_area) VALUES ('Pabitra Mitra','Prabir Mallick','MS STUDENTS',' Transportation Analytics');
INSERT INTO students  (name, student_name, student_type, student_research_area) VALUES ('Pabitra Mitra','Sulagna Gope','MS STUDENTS',' Climate Data Mining');
INSERT INTO students  (name, student_name, student_type, student_research_area) VALUES ('Pabitra Mitra','Pallavi Mitra','MS STUDENTS',' Speech Processing in GPGPU platforms');
INSERT INTO students  (name, student_name, student_type, student_research_area) VALUES ('Pabitra Mitra','Malay Pramanick','MS STUDENTS',' Data Mining');
INSERT INTO students  (name, student_name, student_type, student_research_area) VALUES ('Pabitra Mitra','Saptarshi Misra','MS STUDENTS',' Machine Learning');
INSERT INTO students  (name, student_name, student_type, student_research_area) VALUES ('Pabitra Mitra','Omprakash Chakraborty','MS STUDENTS',' Spatial Web Services');
INSERT INTO students  (name, student_name, student_type, student_research_area) VALUES ('Pabitra Mitra','Subhadeep Mandal','MS STUDENTS',' Data Analytics');
INSERT INTO students  (name, student_name, student_type, student_research_area) VALUES ('Pabitra Mitra','Aditi Chandra','MS STUDENTS',' AI use for water');
INSERT INTO students  (name, student_name, student_type, student_research_area) VALUES ('Pabitra Mitra','Samridha Kumar','MS STUDENTS',' Data analytics');
INSERT INTO info  (name,designation,responsibility,email,phone,website) VALUES ('Pallab Dasgupta','Professor','Dean, SRIC','pallab@cse.iitkgp.ernet.in','+91-3222-283470','http://cse.iitkgp.ac.in/~pallab');
INSERT INTO awards  (name, award) VALUES ('Pallab Dasgupta','Fellow of INAE');
INSERT INTO publications  (name, year, title) VALUES ('Pallab Dasgupta',2013,'Formal Verification of Architectural Power Intent  by A.Hazra, S.Goyal, Pallab Dasgupta and A. Pal IEEE Transactions on VLSI Systems Vol 21, No 3,  78-91 ');
INSERT INTO publications  (name, year, title) VALUES ('Pallab Dasgupta',2011,'CHASSIS: A Platform for Verifying PMU Integration using Auto-Generated Behavioral Models  by A.Ain, D.Pal, Pallab Dasgupta, S.Mukhopadhyay, R. Mukhopadhyay, John Gough ACM Transactions on Design Automation of Electronic Systems Vol 16, No 3,  ');
INSERT INTO publications  (name, year, title) VALUES ('Pallab Dasgupta',2013,'Counterexample Ranking Using Mined Invariants  by S.Mitra, A.Banerjee, Pallab Dasgupta, Harish Kumar IEEE Transactions on Computer Aided Design of Integrated Circuits and Systems Vol 32, No 12,  1978-1991 ');
INSERT INTO publications  (name, year, title) VALUES ('Pallab Dasgupta',2015,'Formal Interpretation of Assertion Based Features on AMS Designs  by Antonio A Bruto Da Costa, Pallab Dasgupta IEEE Design and Test Vol 32, No 1,  9-17 ');
INSERT INTO publications  (name, year, title) VALUES ('Pallab Dasgupta',2014,'Formal Hardware/Software Co-Verification of Embedded Power Controllers  by Pallab Dasgupta, M.K. Srivas, R.Mukherjee IEEE Transactions on Computer Aided Design of Integrated Circuits and Systems Vol 32, No 12,  2025-2029 ');
INSERT INTO publications  (name, year, title) VALUES ('Pallab Dasgupta',2011,'Parametric Analysis of Real Time Response Guarantees on Interacting Software Components  by M.Dixit, S.Ramesh, Pallab Dasgupta US PATENT No: US 8,082,140 Dec 20  ');
INSERT INTO publications  (name, year, title) VALUES ('Pallab Dasgupta',2009,'Instrumenting AMS Assertion Verification on Commercial Platforms  by R.Mukhopadhyay, S. K. Panda, Pallab Dasgupta, John Gough ACM Transactions on Design Automation of Electronic Systems Vol 14, No 2,  21:1-21:47 ');
INSERT INTO publications  (name, year, title) VALUES ('Pallab Dasgupta',2011,'Auxiliary Specifications for Context-Sensitive Monitoring of AMS assertions  by S.Mukherjee, Pallab Dasgupta, S. Mukhopadhyay IEEE Transactions on Computer Aided Design of Integrated Circuits and Systems Vol 30, No 10,  1446-1457 ');
INSERT INTO publications  (name, year, title) VALUES ('Pallab Dasgupta',2006,'A Roadmap for Formal Property Verification  by Pallab Dasgupta Springer  ');
INSERT INTO projects  (name, title) VALUES ('Pallab Dasgupta','Artificial intelligence for societal needs: knowledge discovery and intelligent decision making for solving problems in Indian context related to energy, climate, water, disaster management and traffic&nbsp;IIT KHARAGPUR');
INSERT INTO projects  (name, title) VALUES ('Pallab Dasgupta','Decoding and exploring ancient classification of Indian music through machine learning method and audience response&nbsp;MHRD');
INSERT INTO projects  (name, title) VALUES ('Pallab Dasgupta','Formal Methods for Verification of Power Management in Mixed Signal Designs&nbsp;INTEL CORPORATION, USA.');
INSERT INTO projects  (name, title) VALUES ('Pallab Dasgupta','GENERAL MOTORS ECS CRL FOR EDUCATION&nbsp;General Motors Technical Centre India Pvt. Ltd.');
INSERT INTO projects  (name, title) VALUES ('Pallab Dasgupta','Intel embedded innovation lablet&nbsp;Intel Semiconductor (US) Limited');
INSERT INTO projects  (name, title) VALUES ('Pallab Dasgupta','Intelligent tools for smart electrical grids&nbsp;MHRD');
INSERT INTO projects  (name, title) VALUES ('Pallab Dasgupta','Opened &amp; Intelligent Plug-in Hybrid Electric Vehicle (PHEV) Technologies for Smart Indian Cities&nbsp;Ministry of Heavy Industries and Public Enterprises, GoI');
INSERT INTO projects  (name, title) VALUES ('Pallab Dasgupta','SANDHI, Science -Technology &amp; Culture - Heritage Interface by IIT Kharagpur&nbsp;MHRD');
INSERT INTO projects  (name, title) VALUES ('Pallab Dasgupta','SYNOPSYS CAD LABORATORY PROJECTS&nbsp;Synopsys (India) Pvt.Ltd.');
INSERT INTO projects  (name, title) VALUES ('Pallab Dasgupta','Synthesizing test programs as directed test families for incremental CPU validation&nbsp;INTEL TECHNOLOGY INDIA PVT. LTD.');
INSERT INTO projects  (name, title) VALUES ('Pallab Dasgupta','To develop a scientific rationale of IELS (Indo-European Langauge Systems) applying a) Computational Linguistics &amp; b) Cognitive Geo-spatial mapping approaches&nbsp;MHRD');
INSERT INTO projects  (name, title) VALUES ('Pallab Dasgupta','To Establish linkages between Iconographic Re-Interpretation of architecture &amp; engineering patterns of Pre-Buddhist/Vedic &amp; Buddhist periods&nbsp;MHRD');
INSERT INTO students  (name, student_name, student_type, student_research_area) VALUES ('Pallab Dasgupta','Antara Ain','PhD STUDENTS',' Validation and Verification of Dynamical Systems');
INSERT INTO students  (name, student_name, student_type, student_research_area) VALUES ('Pallab Dasgupta','Sumana Ghosh','PhD STUDENTS',' Formal Verification');
INSERT INTO students  (name, student_name, student_type, student_research_area) VALUES ('Pallab Dasgupta','Rajorshee Raha','PhD STUDENTS',' Validation of Embedded Real Time Control');
INSERT INTO students  (name, student_name, student_type, student_research_area) VALUES ('Pallab Dasgupta','Rajib Lochan Jana','PhD STUDENTS',' Formal Fethods for Embedded System Design');
INSERT INTO students  (name, student_name, student_type, student_research_area) VALUES ('Pallab Dasgupta','Pradeep R','PhD STUDENTS',' Music Signal Processing');
INSERT INTO students  (name, student_name, student_type, student_research_area) VALUES ('Pallab Dasgupta','Bruto Da Costa Antonio Anastasio','PhD STUDENTS',' Formal Verification');
INSERT INTO students  (name, student_name, student_type, student_research_area) VALUES ('Pallab Dasgupta','Sudipa Mandal','PhD STUDENTS',' Formal Verification');
INSERT INTO students  (name, student_name, student_type, student_research_area) VALUES ('Pallab Dasgupta','Thakkar Jay Ashwinbhai','PhD STUDENTS',' Formal Verification');
INSERT INTO students  (name, student_name, student_type, student_research_area) VALUES ('Pallab Dasgupta','Bhushan Govind Naware','PhD STUDENTS',' Formal Verification');
INSERT INTO students  (name, student_name, student_type, student_research_area) VALUES ('Pallab Dasgupta','Sayandeep Saha','PhD STUDENTS',' Formal Methods in Cryptography');
INSERT INTO students  (name, student_name, student_type, student_research_area) VALUES ('Pallab Dasgupta','Sayandeep Sanyal','MS STUDENTS',' Formal Verification');
INSERT INTO info  (name,email,phone,website) VALUES ('Pawan Goyal','pawang@cse.iitkgp.ernet.in','+91-3222-282370','http://cse.iitkgp.ac.in/~pawang/');
INSERT INTO publications  (name, year, title) VALUES ('Pawan Goyal',2015,'The role of citation context in predicting long-term citation profiles: an experimental study based on a massive bibliographic text dataset  by Singh, Mayank, Patidar, Vikas, Kumar, Suhansanu, Chakraborty, Tanmoy, Mukherjee, Animesh and Goyal, Pawan 24th ACM Conference on Information and Knowledge Management (CIKM) Melbourne, Australia  ');
INSERT INTO publications  (name, year, title) VALUES ('Pawan Goyal',2015,'Extracting Situational Information from Microblogs during Disaster Events: A Classification-Summarization Approach  by Rudra, Koustav, Ghosh, Shubham, Ganguly, Niloy, Goyal, Pawan and Ghosh, Saptarshi 24th ACM Conference on Information and Knowledge Management (CIKM) Melbourne, Australia  ');
INSERT INTO publications  (name, year, title) VALUES ('Pawan Goyal',2015,'On the formation of circles in co-authorship networks  by Chakraborty, Tanmoy, Patranabis, Sikhar, Goyal, Pawan and Mukherjee, Animesh 21st ACM SIGKDD Sydney, Australia  ');
INSERT INTO publications  (name, year, title) VALUES ('Pawan Goyal',2014,'Thats sick dude!: Automatic identification of word sense change across different timescales  by Mitra, Sunny, Mitra, Ritwik, Riedl, Martin, Biemann, Chris, Mukherjee, Animesh and Goyal, Pawan 52nd Annual Meeting of the Association for Computational Linguistics (ACL) Baltimore, USA  1020-1029 ');
INSERT INTO publications  (name, year, title) VALUES ('Pawan Goyal',2015,'On the categorization of scientific citation profiles in computer sciences  by Chakraborty, Tanmoy, Kumar, Suhansanu, Goyal, Pawan, Ganguly, Niloy and Mukherjee, Animesh Communications of the ACM Vol. 58, No. 9  82-90 ');
INSERT INTO publications  (name, year, title) VALUES ('Pawan Goyal',2013,'A Context based Word Indexing Model for Document Summarization  by Goyal, Pawan, Behera, Laxmidhar and McGinnity, TM IEEE Transactions on Knowledge and Data Engineering Vol. 25 No. 8  1693-1705 ');
INSERT INTO publications  (name, year, title) VALUES ('Pawan Goyal',2012,'Query Representation through Lexical Association for Information Retrieval  by Goyal, Pawan, Behera, Laxmidhar and McGinnity, TM IEEE Transactions on Knowledge and Data Engineering Vol. 24 No. 12  2260-2273 ');
INSERT INTO publications  (name, year, title) VALUES ('Pawan Goyal',2014,'Towards a Stratified Learning Approach to Predict Future Citation Counts  by Chakraborty, Tanmoy, Kumar, Suhansanu, Goyal, Pawan, Ganguly, Niloy and Mukherjee, Animesh ACM/IEEE Joint Conference on Digital Libraries (JCDL) London, UK  351 - 360 ');
INSERT INTO publications  (name, year, title) VALUES ('Pawan Goyal',2014,'An automatic approach to identify word sense changes in text media across timescales  by Mitra, Sunny, Mitra, Ritwik, Maity, Suman Kalyan, Riedl, Martin, Biemann, Chris, Goyal, Pawan and Mukherjee, Animesh JNLE special issue on Graph Methods for NLP Cambridge University Press  ');
INSERT INTO publications  (name, year, title) VALUES ('Pawan Goyal',2016,'FeRoSA: A Faceted Recommendation System for Scientific Articles  by Chakraborty, Tanmoy, Krishna, Amrith, Singh, Mayank, Ganguly, Niloy, Goyal, Pawan and Mukherjee, Animesh 20th Pacific Asia Conference on Knowledge Discovery and Data Mining (PAKDD) Auckland, New Zealand  ');
INSERT INTO projects  (name, title) VALUES ('Pawan Goyal','A deep validation study of Indian Language system based on patterns of a) comparative Philology, Phonology &amp; Phonetics &amp; b) Psycho-Physics of Varnamala&nbsp;MHRD');
INSERT INTO projects  (name, title) VALUES ('Pawan Goyal','Aspect Based Opinion Extraction for Automated Product Comparison&nbsp;Science and Engineering Research Board (SERB)');
INSERT INTO projects  (name, title) VALUES ('Pawan Goyal','Effective Drug Repurposing Through Literature &amp; Patent Mining, Data Integration &amp; Development of Systems Pharmacology Platform&nbsp;Department of Electronics and Information Technology');
INSERT INTO projects  (name, title) VALUES ('Pawan Goyal','Google Unrestricted Fund for Social Computing&nbsp;GOOGLE INDIA PVT. LTD');
INSERT INTO projects  (name, title) VALUES ('Pawan Goyal','IndicView: Because language is no more a barrier&nbsp;GOOGLE INDIA PVT. LTD');
INSERT INTO projects  (name, title) VALUES ('Pawan Goyal','Teaching Learing Centre for Internet-of-things&nbsp;MHRD, Department of Higher Education, NMEICT, New Delhi');
INSERT INTO projects  (name, title) VALUES ('Pawan Goyal','To develop a scientific rationale of IELS (Indo-European Langauge Systems) applying a) Computational Linguistics &amp; b) Cognitive Geo-spatial mapping approaches&nbsp;MHRD');
INSERT INTO projects  (name, title) VALUES ('Pawan Goyal','Unrestricted Grant for Research in Review Mining&nbsp;Flipkart Internet Private Ltd.');
INSERT INTO projects  (name, title) VALUES ('Pawan Goyal','Unrestricted grant for research in social networks and user-generated content&nbsp;Dr. M Chelliah, Head, Academic Relations, Yahoo India R &amp; D');
INSERT INTO projects  (name, title) VALUES ('Pawan Goyal','Unrestricted Travel Grant&nbsp;Various Institutes/Organisations');
INSERT INTO students  (name, student_name, student_type, student_research_area) VALUES ('Pawan Goyal','Mayank Singh','PhD STUDENTS',' Data Mining, Natural Language Processing, Machine Learning');
INSERT INTO students  (name, student_name, student_type, student_research_area) VALUES ('Pawan Goyal','Krishnendu Ghosh','PhD STUDENTS',' Artificial Intelligence in Education');
INSERT INTO students  (name, student_name, student_type, student_research_area) VALUES ('Pawan Goyal','Abhik Jana','PhD STUDENTS',' Word Sense Disambiguation and Discovery');
INSERT INTO students  (name, student_name, student_type, student_research_area) VALUES ('Pawan Goyal','Amrith Krishna','PhD STUDENTS',' Sanskrit Computational Linguistics');
INSERT INTO students  (name, student_name, student_type, student_research_area) VALUES ('Pawan Goyal','Mayank Bhasin','PhD STUDENTS',' Spatio-temporal structure of concept representation');
INSERT INTO students  (name, student_name, student_type, student_research_area) VALUES ('Pawan Goyal','Binny Mathew','PhD STUDENTS',' Language dynamics in text and social media');
INSERT INTO students  (name, student_name, student_type, student_research_area) VALUES ('Pawan Goyal','Harshit','PhD STUDENTS',' Visual concept representation');
INSERT INTO students  (name, student_name, student_type, student_research_area) VALUES ('Pawan Goyal','Paheli Bhattacharya','MS STUDENTS',' Corpus Linguistics');
INSERT INTO students  (name, student_name, student_type, student_research_area) VALUES ('Pawan Goyal','Ankan Mullick','MS STUDENTS',' Text summarization');
INSERT INTO info  (name,designation,email,phone) VALUES ('Partha Bhowmick','Associate Professor','pb@cse.iitkgp.ernet.in','+91-3222-283468');
INSERT INTO projects  (name, title) VALUES ('Partha Bhowmick','Centre of Excellence in robotics&nbsp;SRIC, IIT KHARAGPUR');
INSERT INTO projects  (name, title) VALUES ('Partha Bhowmick','Cooperative multi - UAV exploration&nbsp;SRIC, IIT KHARAGPUR');
INSERT INTO projects  (name, title) VALUES ('Partha Bhowmick','Development of OCR and PDF viewer&nbsp;ARC Document Solutions India Pvt. Ltd.');
INSERT INTO students  (name, student_name, student_type, student_research_area) VALUES ('Partha Bhowmick','Papia Mahato','PhD STUDENTS',' Digital geometry');
INSERT INTO students  (name, student_name, student_type, student_research_area) VALUES ('Partha Bhowmick','Piyush Kanti Bhunre','PhD STUDENTS',' Discrete geometry');
INSERT INTO students  (name, student_name, student_type, student_research_area) VALUES ('Partha Bhowmick','Ashutosh Soni','PhD STUDENTS',' Computer Graphics');
INSERT INTO students  (name, student_name, student_type, student_research_area) VALUES ('Partha Bhowmick','Chaudhari Ushasi Subhasis Sucharita','MS STUDENTS',' Image Processing');
INSERT INTO info  (name,designation,responsibility,email,phone,website) VALUES ('Partha Pratim Das','Professor','Head, Rajendra Mishra School of Engineering Entrepreneurship','ppd@cse.iitkgp.ernet.in','+91-3222-281998','https://in.linkedin.com/in/ppdas');
INSERT INTO awards  (name, award) VALUES ('Partha Pratim Das','IASc Young Associate');
INSERT INTO projects  (name, title) VALUES ('Partha Pratim Das','Centre of Excellence in robotics&nbsp;SRIC, IIT KHARAGPUR');
INSERT INTO projects  (name, title) VALUES ('Partha Pratim Das','Cooperative multi - UAV exploration&nbsp;SRIC, IIT KHARAGPUR');
INSERT INTO projects  (name, title) VALUES ('Partha Pratim Das','Development of national digital library (NDL) of India - towards building a national asset&nbsp;National Mission on Education through Communication &amp; Information Technology (NMEICT)');
INSERT INTO projects  (name, title) VALUES ('Partha Pratim Das','Effective Drug Repurposing Through Literature &amp; Patent Mining, Data Integration &amp; Development of Systems Pharmacology Platform&nbsp;Department of Electronics and Information Technology');
INSERT INTO projects  (name, title) VALUES ('Partha Pratim Das','Hands-free gesture control for immersive image navigation&nbsp;KCSTC');
INSERT INTO projects  (name, title) VALUES ('Partha Pratim Das','Pilot Scale Study on Local Inhabitants Reduction of Fear to AAI Programme as Par Demand of Local Administration&nbsp;Airport Authority of India');
INSERT INTO projects  (name, title) VALUES ('Partha Pratim Das','Predicting Cancer treatment outcomes of lung and colo-rectal cancer by modeling and analysis of anatomic and metabolic images&nbsp;MHRD');
INSERT INTO projects  (name, title) VALUES ('Partha Pratim Das','Research on AGV&nbsp;SRIC, IIT KHARAGPUR');
INSERT INTO students  (name, student_name, student_type, student_research_area) VALUES ('Partha Pratim Das','Tanwi Mallick','PhD STUDENTS',' Image Processing');
INSERT INTO students  (name, student_name, student_type, student_research_area) VALUES ('Partha Pratim Das','Arpita Das','PhD STUDENTS',' Electronic Waste Management');
INSERT INTO students  (name, student_name, student_type, student_research_area) VALUES ('Partha Pratim Das','Bijju Kranthi Veduruparthi','PhD STUDENTS',' Computer Vision');
INSERT INTO students  (name, student_name, student_type, student_research_area) VALUES ('Partha Pratim Das','Sayani Mondal','PhD STUDENTS',' A Study of Software Engineering Processes in Software Startups');
INSERT INTO students  (name, student_name, student_type, student_research_area) VALUES ('Partha Pratim Das','Srijoni Majumdar','PhD STUDENTS',' Software Engineering');
INSERT INTO students  (name, student_name, student_type, student_research_area) VALUES ('Partha Pratim Das','Saptami Ghosh','PhD STUDENTS',' 3D Reconstruction and Indoor Mapping using SLAM');
INSERT INTO students  (name, student_name, student_type, student_research_area) VALUES ('Partha Pratim Das','Himadri Bhusan Girija Sankar Bhuyan','PhD STUDENTS',' Human Computer Interaction for Digital Heritage');
INSERT INTO students  (name, student_name, student_type, student_research_area) VALUES ('Partha Pratim Das','Abhijit Debnath','PhD STUDENTS',' Multimedia Data Analytics');
INSERT INTO students  (name, student_name, student_type, student_research_area) VALUES ('Partha Pratim Das','Gurunath Reddy M','PhD STUDENTS',' Music Signal Processing');
INSERT INTO students  (name, student_name, student_type, student_research_area) VALUES ('Partha Pratim Das','Pravanjan Samanta','PhD STUDENTS',' Hardware Security');
INSERT INTO students  (name, student_name, student_type, student_research_area) VALUES ('Partha Pratim Das','K Sai Ram','MS STUDENTS',' Image processing and robotics');
INSERT INTO students  (name, student_name, student_type, student_research_area) VALUES ('Partha Pratim Das','Ananda Das','MS STUDENTS',' ');
INSERT INTO students  (name, student_name, student_type, student_research_area) VALUES ('Partha Pratim Das','Shibabroto Banerjee','MS STUDENTS',' Analysis of Plethismographic Signals');
INSERT INTO info  (name,responsibility,email,phone,website) VALUES ('Pralay Mitra','Associate Head, Institute Information Cell','pralay@cse.iitkgp.ernet.in','+91-3222-282344','http://cse.iitkgp.ac.in/~pralay/');
INSERT INTO publications  (name, year, title) VALUES ('Pralay Mitra',2013,'An evolution-based approach to de novo protein design and case study on Mycobacterium Tuberculosis  by Mitra, P., Shultis, D., Brender, J. R., Czajka, J., Marsh, D., Gray, F., Cierpicki, T., Zhang, Y. PLoS Computational Biology 9(10)  e1003298 ');
INSERT INTO publications  (name, year, title) VALUES ('Pralay Mitra',2011,'Combining Bayes classification and point group symmetry under Boolean framework for enhanced protein quaternary structure inference  by Mitra, P., Pal, D. Structure 19(3)  304-312 ');
INSERT INTO publications  (name, year, title) VALUES ('Pralay Mitra',2013,'EvoDesign: de novo protein design based on structural and evolutionary profiles  by Mitra, P., Shultis, D., Zhang, Y. Nucleic Acids Research 41  W273-W280 ');
INSERT INTO publications  (name, year, title) VALUES ('Pralay Mitra',2011,'Using correlated parameters for improved ranking of protein-protein docking decoys  by Mitra, P., Pal, D. Journal of Computational Chemistry 32(5)  787-796 ');
INSERT INTO publications  (name, year, title) VALUES ('Pralay Mitra',2010,'New measures for estimating surface complementarity and packing at protein-protein interfaces  by Mitra, P., Pal, D. FEBS Letters 584(6)  1163-1168 ');
INSERT INTO publications  (name, year, title) VALUES ('Pralay Mitra',2012,'How many protein-protein interaction types exist in nature?  by Garma, L., Mukherjee, S., Mitra, P., Zhang, Y. PLoS One 7  e38913 ');
INSERT INTO publications  (name, year, title) VALUES ('Pralay Mitra',2011,'PRUNE and PROBE two modular web services for protein-protein docking  by Mitra, P., Pal, D. Nucleic Acids Research 39  W229-234 ');
INSERT INTO projects  (name, title) VALUES ('Pralay Mitra','Design &amp; Development of IIT Kharagpur Website&nbsp;IIT KHARAGPUR');
INSERT INTO projects  (name, title) VALUES ('Pralay Mitra','Designing proteins with enhanced stability by modulating the entropy in the folded state&nbsp;UGC under India - Israel Joint Research Project - 2014');
INSERT INTO projects  (name, title) VALUES ('Pralay Mitra','Multimodal and multi-scale imaging for early diagnosis and interventional management of oral pre-cancers and cancer&nbsp;MHRD');
INSERT INTO projects  (name, title) VALUES ('Pralay Mitra','Predictive docking: Improving the performance by refining protein structures&nbsp;ISIRD, SRIC');
INSERT INTO projects  (name, title) VALUES ('Pralay Mitra','Unraveling cancer transformation and progression through biological, electro-mechanical and computational techniques&nbsp;MHRD');
INSERT INTO projects  (name, title) VALUES ('Pralay Mitra','Whole cell modeling and simulation in bacterium escherichia coli (SGIGC)&nbsp;SRIC, IIT KHARAGPUR');
INSERT INTO students  (name, student_name, student_type, student_research_area) VALUES ('Pralay Mitra','Shyantani Maiti','PhD STUDENTS',' Bioinformatics');
INSERT INTO students  (name, student_name, student_type, student_research_area) VALUES ('Pralay Mitra','Anupam Banerjee','PhD STUDENTS',' Bioinformatics');
INSERT INTO students  (name, student_name, student_type, student_research_area) VALUES ('Pralay Mitra','Barnali Das','PhD STUDENTS',' Bioinformatics');
INSERT INTO students  (name, student_name, student_type, student_research_area) VALUES ('Pralay Mitra','Abantika Pal','PhD STUDENTS',' Bioinformatics');
INSERT INTO students  (name, student_name, student_type, student_research_area) VALUES ('Pralay Mitra','Angana Biswas','PhD STUDENTS',' Cancer Biology');
INSERT INTO info  (name,designation,email,phone) VALUES ('Partha Sarathi Dey','Lecturer','psd@cse.iitkgp.ernet.in','+91-3222-283474');
INSERT INTO info  (name,designation,responsibility,email,phone) VALUES ('Rajib Mall','Professor','Prof-in-Charge, B. C. Roy Technology Hospital','rajib@cse.iitkgp.ernet.in','+91-3222-283482');
INSERT INTO publications  (name, year, title) VALUES ('Rajib Mall',2013,'A regression test selection technique for embedded software  by Swarnendu Biswas, Rajib Mall, Manoranjan Satpathy ACM Transactions on Embedded Computer Systems 13(3): 47  47:1 - 47:39 ');
INSERT INTO publications  (name, year, title) VALUES ('Rajib Mall',2011,'A Dynamic Slicing Technique for UML Architectural Models  by Jaiprakash T. Lallchandani, Rajib Mall IEEE Trans. Software Eng. 37(6)  737-771 ');
INSERT INTO publications  (name, year, title) VALUES ('Rajib Mall',2011,'Task Dependency Analysis for Regression Test Selection of Embedded Programs  by Swarnendu Biswas, Rajib Mall, Manoranjan Satpathy Embedded Systems Letters 3(4)  117-120 ');
INSERT INTO publications  (name, year, title) VALUES ('Rajib Mall',2009,'System testing for object&amp;#8208;oriented systems with test case prioritization  by D Kundu, M Sarma, D Samanta, R Mall Software Testing, Verification and Reliability 19 (4)  297-333 ');
INSERT INTO publications  (name, year, title) VALUES ('Rajib Mall',2008,'Automatic test case generation using unified modeling language (UML) state diagrams  by P Samuel, R Mall, AK Bothra IET software 2 (2)  79-93 ');
INSERT INTO publications  (name, year, title) VALUES ('Rajib Mall',2007,'Automatic test case generation from UML communication diagrams  by P Samuel, R Mall, P Kanth Information and software technology 49 (2)  158-171 ');
INSERT INTO publications  (name, year, title) VALUES ('Rajib Mall',2009,'Automatic generation of test specifications for coverage of system state transitions  by M Sarma, R Mall Information and Software Technology 51 (2)  418-432 ');
INSERT INTO projects  (name, title) VALUES ('Rajib Mall','Free and open source software for software engineering&nbsp;MHRD, Department of Higher Education, NMEICT, New Delhi');
INSERT INTO projects  (name, title) VALUES ('Rajib Mall','GENERAL MOTORS ECS CRL FOR EDUCATION&nbsp;General Motors Technical Centre India Pvt. Ltd.');
INSERT INTO students  (name, student_name, student_type, student_research_area) VALUES ('Rajib Mall','Debashis Mukherjee','PhD STUDENTS',' Program analysis and testing using machine learning approaches');
INSERT INTO students  (name, student_name, student_type, student_research_area) VALUES ('Rajib Mall','Sourav Sinha','PhD STUDENTS',' Software Reliability');
INSERT INTO info  (name,designation,email,phone) VALUES ('Rajeev Kumar','Professor','rkumar@cse.iitkgp.ernet.in','+91-3222-283464');
INSERT INTO projects  (name, title) VALUES ('Rajeev Kumar','PROGRAMMING &amp; DATA STRUCTURE&nbsp;MHRD');
INSERT INTO info  (name,designation,email,phone,website) VALUES ('Rogers Mathew','Assistant Professor','rogers@cse.iitkgp.ernet.in','+91-3222-282888','http://cse.iitkgp.ac.in/~rogers/');
INSERT INTO publications  (name, year, title) VALUES ('Rogers Mathew',2015,'Separation Dimension of Bounded Degree Graphs  by Noga Alon, Manu Basavaraju, L. Sunil Chandran, Rogers Mathew, Deepak Rajendraprasad SIAM Journal of Discrete Mathematics  59-64 ');
INSERT INTO publications  (name, year, title) VALUES ('Rogers Mathew',2015,'Boxicity and cubicity of product graphs  by L. Sunil Chandran, Wilfried Imrich, Rogers Mathew, Deepak Rajendraprasad European Journal of Combinatorics  100-109 ');
INSERT INTO publications  (name, year, title) VALUES ('Rogers Mathew',2016,'Separation dimension of graphs and hypergraphs  by Manu Basavaraju, L. Sunil Chandran, Martin Charles Golumbic, Rogers Mathew, Deepak Rajendraprasad Algorithmica  1-18 ');
INSERT INTO publications  (name, year, title) VALUES ('Rogers Mathew',2011,'Chordal Bipartite Graphs with High Boxicity  by L. Sunil Chandran, Mathew C. Francis, Rogers Mathew Graphs and Combinatorics  353-362 ');
INSERT INTO publications  (name, year, title) VALUES ('Rogers Mathew',2014,'Cubicity, degeneracy, and crossing number  by Abhijin Adiga, L. Sunil Chandran, Rogers Mathew European Journal of Combinatorics  2-12 ');
INSERT INTO publications  (name, year, title) VALUES ('Rogers Mathew',2013,'A Dirac-type characterization of k-chordal graphs  by R. Krithika, Rogers Mathew, N. S. Narayanaswamy, N. Sadagopan Discrete Mathematics  2865-2867 ');
INSERT INTO publications  (name, year, title) VALUES ('Rogers Mathew',2016,'The induced separation dimension of a graph  by Emile Ziedan, Deepak Rajendraprasad, Rogers Mathew, Martin Charles Golumbic and Jeremie Dusart WG  ');
INSERT INTO publications  (name, year, title) VALUES ('Rogers Mathew',2015,'Partial List Colouring of Certain Graphs  by Jeannette Janssen, Rogers Mathew, Deepak Rajendraprasad Electronic Journal of Combinatorics  P3.41 ');
INSERT INTO publications  (name, year, title) VALUES ('Rogers Mathew',2013,'Product Dimension of Forests and Bounded Treewidth Graphs  by L. Sunil Chandran, Rogers Mathew, Deepak Rajendraprasad, Roohani Sharma Electronic Journal of Combinatorics  P42 ');
INSERT INTO publications  (name, year, title) VALUES ('Rogers Mathew',2012,'Rainbow Connection Number and Connectivity  by Xueliang Li, Sujuan Liu, L. Sunil Chandran, Rogers Mathew, Deepak Rajendraprasad Electronic Journal of Combinatorics  P20 ');
INSERT INTO projects  (name, title) VALUES ('Rogers Mathew','On Dimensions of a Graph&nbsp;ISIRD, SRIC');
INSERT INTO students  (name, student_name, student_type, student_research_area) VALUES ('Rogers Mathew','Tapas Kumar Mishra','PhD STUDENTS',' Algorithms and combinatorics');
INSERT INTO students  (name, student_name, student_type, student_research_area) VALUES ('Rogers Mathew','Atrayee Majumder','PhD STUDENTS',' Graph theory, combinatorics.');
INSERT INTO info  (name,designation,email,phone,website) VALUES ('Rajat Subhra Chakraborty','Associate Professor','rschakraborty@cse.iitkgp.ernet.in','+91-3222-281792','https://sites.google.com/site/rschakraborty/');
INSERT INTO awards  (name, award) VALUES ('Rajat Subhra Chakraborty','IBM Faculty Award');
INSERT INTO publications  (name, year, title) VALUES ('Rajat Subhra Chakraborty',2014,'Hardware Security: Design, Threats and Safeguards  by D. Mukhopadhyay and R. S. Chakraborty Hardware Security: Design, Threats and Safeguards CRC Press  ');
INSERT INTO publications  (name, year, title) VALUES ('Rajat Subhra Chakraborty',2016,'High Performance Integer Arithmetic Circuit Design on FPGA: Architecture, Implementation and Design Automation  by A. Palchaudhuri and R. S. Chakraborty High Performance Integer Arithmetic Circuit Design on FPGA: Architecture, Implementation and Design Automation Springer  ');
INSERT INTO publications  (name, year, title) VALUES ('Rajat Subhra Chakraborty',2014,'Reversible Digital Watermarking: Theory and Practices  by R. Naskar and R. S. Chakraborty Reversible Digital Watermarking: Theory and Practices Morgan Claypool  ');
INSERT INTO publications  (name, year, title) VALUES ('Rajat Subhra Chakraborty',2014,'Protection of Intellectual Property Cores Through a Design Flow  by R. S. Chakraborty, S. Narasimhan and S. Bhunia U.S. patent No. 8,402,401  ');
INSERT INTO publications  (name, year, title) VALUES ('Rajat Subhra Chakraborty',2016,'Multi-level Inline Data Deduplication  by R. S. Chakraborty and B. K. Diddi U.S. Patent No. 9,311,323  ');
INSERT INTO publications  (name, year, title) VALUES ('Rajat Subhra Chakraborty',2015,'A Case of Lightweight PUF Constructions: Cryptanalysis and Machine Learning Attacks  by D. P. Sahoo, P. H. Nguyen, D. Mukhopadhyay and R. S. Chakraborty IEEE Transactions on Computer-aided Design of Integrated Circuits and Systems 34  1334-1343 ');
INSERT INTO publications  (name, year, title) VALUES ('Rajat Subhra Chakraborty',2009,'HARPOON: A SoC Design Methodology for Hardware Protection through Netlist Level Obfuscation  by R. S. Chakraborty and S. Bhunia IEEE Transactions on Computer-aided Design of Integrated Circuits and Systems 28  10 ');
INSERT INTO publications  (name, year, title) VALUES ('Rajat Subhra Chakraborty',2013,'Hardware Trojan Detection by Multiple-Parameter Side-Channel Analysis  by S. Narasimhan, D. Du, R. S. Chakraborty, S. Paul, F. Wolff, C. Papachristou, K. Roy and S. Bhunia IEEE Transactions on Computers 62  2183-2195 ');
INSERT INTO publications  (name, year, title) VALUES ('Rajat Subhra Chakraborty',2013,'A Generalized Tamper Localization Approach for Reversible Watermarking Algorithms  by R. Naskar and R. S. Chakraborty ACM Transactions on Multimedia Computing Communications and Applications 9  19:1-19:22 ');
INSERT INTO publications  (name, year, title) VALUES ('Rajat Subhra Chakraborty',2016,'Theory and Application of Delay Constraints in Arbiter PUF  by U. Chatterjee, R. S. Chakraborty, H. Kapoor and D. Mukhopadhyay ACM Transactions on Embedded Computing Systems 15  10:1-10:20 ');
INSERT INTO projects  (name, title) VALUES ('Rajat Subhra Chakraborty','Hardware Security in the Context of a Connected World: Threats and Mitigations&nbsp;BRNS, DAE, MUMBAI');
INSERT INTO projects  (name, title) VALUES ('Rajat Subhra Chakraborty','High performance reversible watermarking of digital images: Theory, implementation and impact on medical imaging&nbsp;Science and Engineering Research Board (SERB)');
INSERT INTO projects  (name, title) VALUES ('Rajat Subhra Chakraborty','Information Security Education and Awareness (ISEA) Project Phase-II&nbsp;Department of Electronics &amp; Information Technology');
INSERT INTO projects  (name, title) VALUES ('Rajat Subhra Chakraborty','Next generation secured internet of things (SGDRI)&nbsp;SRIC, IIT KHARAGPUR');
INSERT INTO projects  (name, title) VALUES ('Rajat Subhra Chakraborty','Optimize real time encryption performance for high volume storage data traffic by means of software improvements to Linux (IBM SUR Award)&nbsp;IBM India University Relations');
INSERT INTO projects  (name, title) VALUES ('Rajat Subhra Chakraborty','Securing internet-of-things using unconventional cryptographic techniques&nbsp;Wipro Limited');
INSERT INTO projects  (name, title) VALUES ('Rajat Subhra Chakraborty','Verification Challenges in Compression &amp; Cryptographic Stacks in Quick Assist Technology&nbsp;INTEL CORPORATION, USA.');
INSERT INTO students  (name, student_name, student_type, student_research_area) VALUES ('Rajat Subhra Chakraborty','Urbi Chatterjee','PhD STUDENTS',' Hardware Security');
INSERT INTO students  (name, student_name, student_type, student_research_area) VALUES ('Rajat Subhra Chakraborty','Souvik Sonar','PhD STUDENTS',' Cryptography');
INSERT INTO students  (name, student_name, student_type, student_research_area) VALUES ('Rajat Subhra Chakraborty','Diangarti Bhalang Tariang','PhD STUDENTS',' Digital Image Forensics');
INSERT INTO students  (name, student_name, student_type, student_research_area) VALUES ('Rajat Subhra Chakraborty','Pravanjan Samanta','PhD STUDENTS',' Hardware Security');
INSERT INTO students  (name, student_name, student_type, student_research_area) VALUES ('Rajat Subhra Chakraborty','Aniket Roy','MS STUDENTS',' Parallel Processing');
INSERT INTO students  (name, student_name, student_type, student_research_area) VALUES ('Rajat Subhra Chakraborty','Vidya Govindan','MS STUDENTS',' Security of IoT and Embedded Systems');
INSERT INTO students  (name, student_name, student_type, student_research_area) VALUES ('Rajat Subhra Chakraborty','Pallabi Ghosh','MS STUDENTS',' Image Processing for Hardware Security');
INSERT INTO info  (name,email,phone,website) VALUES ('Sandip Chakraborty','sandipc@cse.iitkgp.ernet.in','+91-3222-282898','http://cse.iitkgp.ac.in/~sandipc/');
INSERT INTO awards  (name, award) VALUES ('Sandip Chakraborty','Best Paper ICDCN 15');
INSERT INTO publications  (name, year, title) VALUES ('Sandip Chakraborty',2016,'Analyzing Peer Specific Power Saving in IEEE 802.11s through Queuing Petri Nets: Some Insights and Future Research Directions  by Sandip Chakraborty IEEE Transactions on Wireless Communications In Press  ');
INSERT INTO publications  (name, year, title) VALUES ('Sandip Chakraborty',2016,'Alleviating Hidden and Exposed Nodes in High-Throughput Wireless Mesh Networks  by Sandip Chakraborty, Sukumar Nandi and Subhrendu Chattopadhyay IEEE Transactions on Wireless Communications Volume 15, Issue 2  928-937 ');
INSERT INTO publications  (name, year, title) VALUES ('Sandip Chakraborty',2016,'UrbanEye: An Outdoor Localization System for Public Transport  by Rohit Verma, Aviral Shrivastava, Bivas Mitra, Sujoy Saha, Niloy Ganguly, Subrata Nandi and Sandip Chakraborty proc. of the 35th Annual IEEE International Conference on Computer Communications (IEEE INFOCOM 2016) San Fransisco, CA, USA  ');
INSERT INTO publications  (name, year, title) VALUES ('Sandip Chakraborty',2016,'ES2: Managing Link Level Parameters for Elevating Data Rate and Stability in High Throughput WLAN  by Sandip Chakraborty and Subhrendu Chattopadhyay proc. of the Eighth International Conference on Communication Systems and Networks (COMSNETS 2016) Bangalore, India  ');
INSERT INTO publications  (name, year, title) VALUES ('Sandip Chakraborty',2016,'Deciding Handover Points based on Context Aware Load Balancing in a WiFi-WiMAX Heterogeneous Network Environment  by Abhijit Sarma, Sandip Chakraborty, Sukumar Nandi IEEE Transactions on Vehicular Technology Volume 65, Issue 1  348-357 ');
INSERT INTO publications  (name, year, title) VALUES ('Sandip Chakraborty',2016,'Dynamic Link Adaptation in IEEE 802.11ac: A Distributed Learning Based Approach  by Raja Karmakar, Samiran Chattopadhyay, and Sandip Chakraborty proc. of the 41st Annual IEEE Conference on Local Computer Networks (IEEE LCN 2016) Dubai, UAE  ');
INSERT INTO publications  (name, year, title) VALUES ('Sandip Chakraborty',2016,'Margdarshak: A Mobile Data Analytics based Commute Time Estimator cum Route Recommender  by Rohit Verma, Aviral Shrivastava, Sandip Chakraborty, and Bivas Mitra proc. of the ACM MobiSys 3rd International Workshop on Physical Analytics (WPA 2016) Singapore  ');
INSERT INTO publications  (name, year, title) VALUES ('Sandip Chakraborty',2016,'CrowdAP: Crowdsourcing Driven AP Coordination for Improving Energy Efficiency in Wireless Access Networks  by Gurman Bhalla, Raja Karmakar, Sandip Chakraborty, and Samiran Chattopadhyay proc. of the IEEE International Conference on Communications (IEEE ICC 2016) - Green Communications Systems and Networks Kuala Lumpur, Malaysia  ');
INSERT INTO publications  (name, year, title) VALUES ('Sandip Chakraborty',2015,'Distributed Service Level Flow Control and Fairness in Wireless Mesh Networks  by Sandip Chakraborty, Sukumar Nandi IEEE Transactions on Mobile Computing Volume 14, Issue 11  2229-2243 ');
INSERT INTO publications  (name, year, title) VALUES ('Sandip Chakraborty',2015,'Performance Modeling and Analysis of IEEE 802.11 IBSS PSM in Different Traffic Conditions  by Pravati Swain, Sandip Chakraborty, Sukumar Nandi, Purandar Bhaduri IEEE Transactions on Mobile Computing Volume 14, Issue 8  1644-1658 ');
INSERT INTO projects  (name, title) VALUES ('Sandip Chakraborty','Design and Development of Activity/Event Based Authentication Framework&nbsp;Bharat Electronics Ltd. (A Govt. of India Enterprise) Central Research Laboratory');
INSERT INTO projects  (name, title) VALUES ('Sandip Chakraborty','Design and Development of Security Module to Prevent Information Leakage from Android Systems&nbsp;Bharat Electronics Ltd. (A Govt. of India Enterprise) Central Research Laboratory');
INSERT INTO projects  (name, title) VALUES ('Sandip Chakraborty','Efficiently Managing Storage Space in IOT (Internet of Things)&nbsp;Hewlett Packard (India) Software Operations Private Limited');
INSERT INTO projects  (name, title) VALUES ('Sandip Chakraborty','Google Unrestricted Fund for Social Computing&nbsp;GOOGLE INDIA PVT. LTD');
INSERT INTO projects  (name, title) VALUES ('Sandip Chakraborty','Information Security Education and Awareness (ISEA) Project Phase-II&nbsp;Department of Electronics &amp; Information Technology');
INSERT INTO projects  (name, title) VALUES ('Sandip Chakraborty','Post disaster situation analysis and resource management using delay tolerant peer to peer wireless networks (DISARM)&nbsp;Information Technology Research Academy (ITRA)');
INSERT INTO projects  (name, title) VALUES ('Sandip Chakraborty','QoS Based Network Resource Management to Cater to Dynamic Workload Mobility in Hyperconverged Architecture&nbsp;Hewlett Packard (India) Software Operations Private Limited');
INSERT INTO projects  (name, title) VALUES ('Sandip Chakraborty','Teaching Learing Centre for Internet-of-things&nbsp;MHRD, Department of Higher Education, NMEICT, New Delhi');
INSERT INTO projects  (name, title) VALUES ('Sandip Chakraborty','Unrestricted Travel Grant&nbsp;Various Institutes/Organisations');
INSERT INTO projects  (name, title) VALUES ('Sandip Chakraborty','WiHi: High speed wireless backbones with network resilience and improved user experience&nbsp;ISIRD, SRIC');
INSERT INTO students  (name, student_name, student_type, student_research_area) VALUES ('Sandip Chakraborty','Soumadip Biswas','PhD STUDENTS',' Networking');
INSERT INTO students  (name, student_name, student_type, student_research_area) VALUES ('Sandip Chakraborty','Sumitro Bhaumik','PhD STUDENTS',' Distributed and Mobile Computing');
INSERT INTO students  (name, student_name, student_type, student_research_area) VALUES ('Sandip Chakraborty','Abhijit Mondal','PhD STUDENTS',' Wireless Networks');
INSERT INTO students  (name, student_name, student_type, student_research_area) VALUES ('Sandip Chakraborty','Rohit Verma','PhD STUDENTS',' Smartphone Computing');
INSERT INTO students  (name, student_name, student_type, student_research_area) VALUES ('Sandip Chakraborty','Shubha Brata Nath','PhD STUDENTS',' Cloud Computing');
INSERT INTO students  (name, student_name, student_type, student_research_area) VALUES ('Sandip Chakraborty','Snigdha Das','PhD STUDENTS',' Activity Sensing');
INSERT INTO students  (name, student_name, student_type, student_research_area) VALUES ('Sandip Chakraborty','Saurabh Arabinda Samanta','PhD STUDENTS',' Secure Computing in Hand-held Devices');
INSERT INTO students  (name, student_name, student_type, student_research_area) VALUES ('Sandip Chakraborty','Satadal Sengupta','MS STUDENTS',' ');
INSERT INTO info  (name,designation,email) VALUES ('Saptarshi Ghosh','Assistant Professor','saptarshi@cse.iitkgp.ernet.in');
INSERT INTO info  (name,designation,responsibility,email,phone,website) VALUES ('Shamik Sural','Professor','Vice-Chairman, ERP','shamik@cse.iitkgp.ernet.in','+91-3222-282330','http://www.facweb.iitkgp.ernet.in/~shamik');
INSERT INTO awards  (name, award) VALUES ('Shamik Sural','Alexander von Humboldt Fellow');
INSERT INTO publications  (name, year, title) VALUES ('Shamik Sural',2015,'Meeting Cardinality Constraints in Role Mining  by P. Harika, M. Nagajyothi, John C. John, Shamik Sural, Jaideep Vaidya and Vijay Atluri IEEE Transactions on Dependable and Secure Computing 12(1)  pp. 71 - 84 ');
INSERT INTO publications  (name, year, title) VALUES ('Shamik Sural',2015,'The Generalized Temporal Role Mining Problem  by B. Mitra, Shamik Sural, V. Atluri, J. Vaidya Journal of Computer Security Vol. 23(1)  pp. 31-56 ');
INSERT INTO publications  (name, year, title) VALUES ('Shamik Sural',2015,'Information Fusion from Multiple Cameras for Gait-based Re-identification and Recognition  by P. Chattopadhyay, Shamik Sural, J. Mukherjee IET Image Processing Vol. 9(11)  pp. 969-976 ');
INSERT INTO publications  (name, year, title) VALUES ('Shamik Sural',2015,'Modeling, Synthesis and Characterization of Occlusion in Videos  by Aditi Roy, Pratik Chattopadhyay, Shamik Sural, J. Mukherjee and Gerhard Rigoll IET Computer Vision 9(6)  pp. 821-830 ');
INSERT INTO publications  (name, year, title) VALUES ('Shamik Sural',2015,'Frontal Gait Recognition from Occluded Scenes  by P. Chattopadhyay, Shamik Sural, J. Mukherjee Pattern Recognition Letters Vol. 63(1)  pp. 9-15 ');
INSERT INTO publications  (name, year, title) VALUES ('Shamik Sural',2015,'Minimizing Organizational User Requirement while Meeting Security Constraints  by Arindam Roy, Shamik Sural, Arun Kumar Majumdar, Jaideep Vaidya and Vijay Atluri ACM Transactions on Management Information Systems  6(3), Article No. 12 ');
INSERT INTO projects  (name, title) VALUES ('Shamik Sural','ERP SYSTEM FOR THE INSTITUTE&nbsp;IIT KHARAGPUR');
INSERT INTO projects  (name, title) VALUES ('Shamik Sural','Expansion of telemedicine project in Tripura&nbsp;Webel Electronic Communication Systems Ltd,');
INSERT INTO projects  (name, title) VALUES ('Shamik Sural','Templates &amp; R-Extraction Tools - II&nbsp;National Semiconductor Corporation (NSC)');
INSERT INTO students  (name, student_name, student_type, student_research_area) VALUES ('Shamik Sural','Soumyadeep Dey','PhD STUDENTS',' Image Processing &amp; Pattern Recognition');
INSERT INTO students  (name, student_name, student_type, student_research_area) VALUES ('Shamik Sural','Nandedkar Amit Vijay','PhD STUDENTS',' Image and video processing');
INSERT INTO students  (name, student_name, student_type, student_research_area) VALUES ('Shamik Sural','Mahendra Pratap Singh','PhD STUDENTS',' Computer Security');
INSERT INTO students  (name, student_name, student_type, student_research_area) VALUES ('Shamik Sural','Sadhana Jha','PhD STUDENTS',' Computer Security');
INSERT INTO students  (name, student_name, student_type, student_research_area) VALUES ('Shamik Sural','Arindam Roy','PhD STUDENTS',' Computer Security');
INSERT INTO students  (name, student_name, student_type, student_research_area) VALUES ('Shamik Sural','John C. John','PhD STUDENTS',' Multi-domain Distributed Security');
INSERT INTO students  (name, student_name, student_type, student_research_area) VALUES ('Shamik Sural','Rajesh Basak','PhD STUDENTS',' Cloud Computing, Data Analytics');
INSERT INTO students  (name, student_name, student_type, student_research_area) VALUES ('Shamik Sural','Saptarshi Das','PhD STUDENTS',' Computer Security');
INSERT INTO students  (name, student_name, student_type, student_research_area) VALUES ('Shamik Sural','Debopriyo Banerjee','PhD STUDENTS',' Data Analytics');
INSERT INTO students  (name, student_name, student_type, student_research_area) VALUES ('Shamik Sural','Dipannita Podder','MS STUDENTS',' Image Processing');
INSERT INTO info  (name,designation,responsibility,email,phone,website) VALUES ('Soumya Kanti Ghosh','Professor','Head, Institute Information Cell','skg@cse.iitkgp.ernet.in','+91-3222-282332','http://www.facweb.iitkgp.ernet.in/~skg');
INSERT INTO awards  (name, award) VALUES ('Soumya Kanti Ghosh','University Gold Medal');
INSERT INTO publications  (name, year, title) VALUES ('Soumya Kanti Ghosh',2013,'Enhancement of Lifetime using Duty Cycle and Network Coding in Wireless Sensor Networks  by Rashmi Ranjan Rout, Soumya K. Ghosh IEEE Transactions on Wireless Communications 12  656-667 ');
INSERT INTO publications  (name, year, title) VALUES ('Soumya Kanti Ghosh',2006,'An approach for service oriented discovery and retrieval of spatial data  by Manoj Paul, Soumya K Ghosh International workshop on Service-oriented software engineering ACM  88-94 ');
INSERT INTO publications  (name, year, title) VALUES ('Soumya Kanti Ghosh',2015,'SelCSP: A framework to facilitate selection of cloud service providers  by Nirnay Ghosh, Soumya K Ghosh, Sajal K Das IEEE Transactions on Cloud Computing 3  66-79 ');
INSERT INTO projects  (name, title) VALUES ('Soumya Kanti Ghosh','AI driven real time traffic incident prediction and traffic management&nbsp;MHRD');
INSERT INTO projects  (name, title) VALUES ('Soumya Kanti Ghosh','Artificial intelligence for societal needs: knowledge discovery and intelligent decision making for solving problems in Indian context related to energy, climate, water, disaster management and traffic&nbsp;IIT KHARAGPUR');
INSERT INTO projects  (name, title) VALUES ('Soumya Kanti Ghosh','Decision support system for infrastructure planning and management in coastal areas of West Bengal&nbsp;MHRD');
INSERT INTO projects  (name, title) VALUES ('Soumya Kanti Ghosh','Design &amp; Development of IIT Kharagpur Website&nbsp;IIT KHARAGPUR');
INSERT INTO projects  (name, title) VALUES ('Soumya Kanti Ghosh','Development of a Remote Healthcare Delivery System&nbsp;IoTimize LLC');
INSERT INTO projects  (name, title) VALUES ('Soumya Kanti Ghosh','Development of a systematic method to enhance road safety in Indian cities through improved accident data collection, advanced statistical analysis and innovative design&nbsp;SRIC, IIT KHARAGPUR');
INSERT INTO projects  (name, title) VALUES ('Soumya Kanti Ghosh','ERP SYSTEM FOR THE INSTITUTE&nbsp;IIT KHARAGPUR');
INSERT INTO projects  (name, title) VALUES ('Soumya Kanti Ghosh','GENERAL MOTORS ECS CRL FOR EDUCATION&nbsp;General Motors Technical Centre India Pvt. Ltd.');
INSERT INTO projects  (name, title) VALUES ('Soumya Kanti Ghosh','IT Consultancy for National Insurance Company Limited&nbsp;Chief Manager, National Insurance Co Ltd');
INSERT INTO students  (name, student_name, student_type, student_research_area) VALUES ('Soumya Kanti Ghosh','Parantapa Bhattacharya','PhD STUDENTS',' Cloud Computing and Online Social Network');
INSERT INTO students  (name, student_name, student_type, student_research_area) VALUES ('Soumya Kanti Ghosh','Arindam Dasgupta','PhD STUDENTS',' Information System');
INSERT INTO students  (name, student_name, student_type, student_research_area) VALUES ('Soumya Kanti Ghosh','Rajesh Prasad Barnwal','PhD STUDENTS',' Vehicular Technology');
INSERT INTO students  (name, student_name, student_type, student_research_area) VALUES ('Soumya Kanti Ghosh','Suman Samui','PhD STUDENTS',' VLSI Design');
INSERT INTO students  (name, student_name, student_type, student_research_area) VALUES ('Soumya Kanti Ghosh','Chandan Misra','PhD STUDENTS',' Spatial Datamining, Information Retrieval');
INSERT INTO students  (name, student_name, student_type, student_research_area) VALUES ('Soumya Kanti Ghosh','Monidipa Das','PhD STUDENTS',' Spatial Data Analysis');
INSERT INTO students  (name, student_name, student_type, student_research_area) VALUES ('Soumya Kanti Ghosh','Jaydeep Das','PhD STUDENTS',' Cloud Computing');
INSERT INTO students  (name, student_name, student_type, student_research_area) VALUES ('Soumya Kanti Ghosh','Rajesh Basak','PhD STUDENTS',' Cloud Computing, Data Analytics');
INSERT INTO students  (name, student_name, student_type, student_research_area) VALUES ('Soumya Kanti Ghosh','Srijoni Majumdar','PhD STUDENTS',' Software Engineering');
INSERT INTO students  (name, student_name, student_type, student_research_area) VALUES ('Soumya Kanti Ghosh','Anupam Khan','PhD STUDENTS',' Data mining');
INSERT INTO students  (name, student_name, student_type, student_research_area) VALUES ('Soumya Kanti Ghosh','Sukanya Samanta','PhD STUDENTS',' Operations Research');
INSERT INTO students  (name, student_name, student_type, student_research_area) VALUES ('Soumya Kanti Ghosh','Shreya Ghosh','PhD STUDENTS',' Spatial Informatics');
INSERT INTO students  (name, student_name, student_type, student_research_area) VALUES ('Soumya Kanti Ghosh','Shubha Brata Nath','PhD STUDENTS',' Cloud Computing');
INSERT INTO students  (name, student_name, student_type, student_research_area) VALUES ('Soumya Kanti Ghosh','Saptarshi Pal','MS STUDENTS',' Spatial Data Mining');
INSERT INTO students  (name, student_name, student_type, student_research_area) VALUES ('Soumya Kanti Ghosh','Omprakash Chakraborty','MS STUDENTS',' Spatial Web Services');
INSERT INTO students  (name, student_name, student_type, student_research_area) VALUES ('Soumya Kanti Ghosh','Abhisek Chowdhury','MS STUDENTS',' Spatial Informatics');
INSERT INTO info  (name,designation,responsibility,email,phone,website) VALUES ('Sudip Misra','Associate Professor','Assistant Warden, Meghnath Saha Hall','smisra@sit.iitkgp.ernet.in','+91-3222-282338','http://www.sit.iitkgp.ernet.in/~smisra/');
INSERT INTO awards  (name, award) VALUES ('Sudip Misra','Humboldt Fellowship');
INSERT INTO publications  (name, year, title) VALUES ('Sudip Misra',2016,'Cost-Effective Mapping Between Wireless Body Area Networks and Cloud Service Providers Based on Multi-Stage Bargaining  by S. Moulik, S. Misra, A. Gaurav IEEE Transactions on Mobile Computing IEEE  ');
INSERT INTO publications  (name, year, title) VALUES ('Sudip Misra',2016,'Coalition Formation for Cooperative Service-based Message Sharing in Vehicular Ad Hoc Networks  by B. Das, S. Misra, U. Roy IEEE Transactions on Parallel and Distributed Systems IEEE  ');
INSERT INTO publications  (name, year, title) VALUES ('Sudip Misra',2016,'Topology Control for Self-Adaptation in Wireless Sensor Networks with Temporary Connection Impairment  by A. Roy, S. Misra, P. Kar, A. Mondal ACM Transactions on Autonomous and Adaptive Systems ACM  ');
INSERT INTO publications  (name, year, title) VALUES ('Sudip Misra',2016,'AT-MAC: Adaptive MAC-frame Payload Tuning for Reliable Communication in Wireless Body Area Networks  by S. Moulik, S. Misra, D. Das IEEE Transactions on Mobile Computing IEEE  ');
INSERT INTO publications  (name, year, title) VALUES ('Sudip Misra',2015,'Utility-based Exploration for Performance Enhancement in Opportunistic Mobile Networks  by B. Saha, S. Misra, S. Pal IEEE Transactions on Computers IEEE  ');
INSERT INTO publications  (name, year, title) VALUES ('Sudip Misra',2015,'Assessment of the Suitability of Fog Computing in the Context of Internet of Things  by S. Sarkar, S. Misra IEEE Transactions on Cloud Computing IEEE  ');
INSERT INTO publications  (name, year, title) VALUES ('Sudip Misra',2015,'TRAST: Trust-based Distributed Topology Management for Wireless Multimedia Sensor Networks  by G. Mali, S. Misra IEEE Transactions on Computers IEEE  ');
INSERT INTO publications  (name, year, title) VALUES ('Sudip Misra',2015,'A Cooperative Bargaining Solution for Priority-based Datarate Tuning in a Wireless Body Area Network  by S. Misra, S. Moulik, H.-C. Chao IEEE Transactions on Wireless Communications IEEE  ');
INSERT INTO publications  (name, year, title) VALUES ('Sudip Misra',2015,'D2S: Dynamic Demand Scheduling in Smart Grid Using Optimal Portfolio Selection Strategy  by S. Bera, P. Gupta, S. Misra IEEE Transactions on Smart Grid IEEE  ');
INSERT INTO publications  (name, year, title) VALUES ('Sudip Misra',2014,'Social Choice Considerations in Cloud-Assisted WBAN Architecture for Post-Disaster Healthcare: Data Aggregation and Channelization  by S. Misra, S. Chatterjee Information Sciences Elsevier  ');
INSERT INTO projects  (name, title) VALUES ('Sudip Misra','Development of a sensor based networking system for improved water management for irrigated crops&nbsp;MHRD');
INSERT INTO projects  (name, title) VALUES ('Sudip Misra','Development of Digital Mine Using Internet of Things&nbsp;Department of Electronics and Information Technology');
INSERT INTO projects  (name, title) VALUES ('Sudip Misra','Measurement to management (M2M): improved water use efficiency and agricultural productivity through experimental sensor network&nbsp;Information Technology Research Academy (ITRA)');
INSERT INTO projects  (name, title) VALUES ('Sudip Misra','Signals &amp; systems for life science&nbsp;MHRD');
INSERT INTO projects  (name, title) VALUES ('Sudip Misra','Virtual Labs Phase II&nbsp;MHRD, Department of Higher Education, NMEICT, New Delhi');
INSERT INTO students  (name, student_name, student_type, student_research_area) VALUES ('Sudip Misra','Bhavathankar Prasenjit Bhanudas','PhD STUDENTS',' Wireless Sensor Networks');
INSERT INTO students  (name, student_name, student_type, student_research_area) VALUES ('Sudip Misra','Barun Kumar Saha','PhD STUDENTS',' Networks');
INSERT INTO students  (name, student_name, student_type, student_research_area) VALUES ('Sudip Misra','Tamoghna Ojha','PhD STUDENTS',' Networks');
INSERT INTO students  (name, student_name, student_type, student_research_area) VALUES ('Sudip Misra','Anandarup Mukherjee','PhD STUDENTS',' Networks');
INSERT INTO students  (name, student_name, student_type, student_research_area) VALUES ('Sudip Misra','Samaresh Bera','PhD STUDENTS',' Networks');
INSERT INTO students  (name, student_name, student_type, student_research_area) VALUES ('Sudip Misra','Ayan Mondal','PhD STUDENTS',' Networks');
INSERT INTO students  (name, student_name, student_type, student_research_area) VALUES ('Sudip Misra','Arijit Roy','PhD STUDENTS',' Data Analysis for Industrial Wireless Networks');
INSERT INTO students  (name, student_name, student_type, student_research_area) VALUES ('Sudip Misra','Pradyumna Kumar Bishoyi','PhD STUDENTS',' Networks');
INSERT INTO students  (name, student_name, student_type, student_research_area) VALUES ('Sudip Misra','Sumana Maiti','PhD STUDENTS',' Networks');
INSERT INTO students  (name, student_name, student_type, student_research_area) VALUES ('Sudip Misra','Ilora Maity','PhD STUDENTS',' Applications of Networks');
INSERT INTO students  (name, student_name, student_type, student_research_area) VALUES ('Sudip Misra','Satendra Kumar','PhD STUDENTS',' Applications of Networks');
INSERT INTO students  (name, student_name, student_type, student_research_area) VALUES ('Sudip Misra','Abhishek Bera','PhD STUDENTS',' Networks');
INSERT INTO students  (name, student_name, student_type, student_research_area) VALUES ('Sudip Misra','Prajnamaya Dass','PhD STUDENTS',' ');
INSERT INTO students  (name, student_name, student_type, student_research_area) VALUES ('Sudip Misra','Chandana Roy','PhD STUDENTS',' Industrial IoT');
INSERT INTO students  (name, student_name, student_type, student_research_area) VALUES ('Sudip Misra','Amit Samanta','MS STUDENTS',' Networks');
INSERT INTO students  (name, student_name, student_type, student_research_area) VALUES ('Sudip Misra','Sanku Kumar Roy','MS STUDENTS',' Networks');
INSERT INTO students  (name, student_name, student_type, student_research_area) VALUES ('Sudip Misra','Niloy Saha','MS STUDENTS',' Networks');
INSERT INTO students  (name, student_name, student_type, student_research_area) VALUES ('Sudip Misra','Aishwariya Chakraborty','MS STUDENTS',' Networks');
INSERT INTO info  (name,designation,email,website) VALUES ('Soumyajit Dey','Assistant Professor','soumya@cse.iitkgp.ernet.in','http://cse.iitkgp.ac.in/~soumya/');
INSERT INTO publications  (name, year, title) VALUES ('Soumyajit Dey',2013,'A Kleene Algebra of Tagged System Actors for Reasoning about Heterogeneous Embedded Systems  by Soumyajit Dey, Dipankar Sarkar, Anupam Basu IEEE Transaction Computers 62(10)  1917-1931 ');
INSERT INTO publications  (name, year, title) VALUES ('Soumyajit Dey',2011,'A Kleene Algebra of Tagged System Actors for Reasoning about Heterogeneous Embedded Systems  by Soumyajit Dey, Dipankar Sarkar, Anupam Basu IEEE Embedded Systems Letters 3(1)  28-31 ');
INSERT INTO publications  (name, year, title) VALUES ('Soumyajit Dey',2010,'A Tag Machine based Performance Evaluation Method for Job-Shop Schedules  by Soumyajit Dey, Dipankar Sarkar, Anupam Basu IEEE Transaction CAD 29(7)  1028-1041 ');
INSERT INTO publications  (name, year, title) VALUES ('Soumyajit Dey',2007,'Architectural Optimizations for Text to Speech Synthesis in Embedded Systems  by Soumyajit Dey, Monu Kedia, Anupam ASP-DAC  ');
INSERT INTO publications  (name, year, title) VALUES ('Soumyajit Dey',2015,'Adaptive Sharing of Sampling Rates among Software Based Controllers  by Rajorshee Raha, Soumyajit Dey, Pallab Dasgupta IEEE Multi - Conference on System and Control (MSC)  ');
INSERT INTO publications  (name, year, title) VALUES ('Soumyajit Dey',2015,'Integrating Formal Methods with Testing for Reliability Estimation of Component Based Systems  by Debasmita Lohar, Soumyajit Dey International Symposium on Software Reliability Engineering (ISSRE), Industry Track  ');
INSERT INTO publications  (name, year, title) VALUES ('Soumyajit Dey',2015,'RELSPEC: A Framework for Early Reliability Refinement of Embedded Applications  by Saurav Kumar Ghosh, Aritra Hazra and Soumyajit Dey IEEE International Conference on VLSI Design  ');
INSERT INTO publications  (name, year, title) VALUES ('Soumyajit Dey',2008,'An Approach to Software Performance Evaluation on Customized Embedded Processors  by Soumyajit Dey, Monu Kedia, Anupam Basu International Conference on VLSI Design  ');
INSERT INTO publications  (name, year, title) VALUES ('Soumyajit Dey',2007,'Embedded Support Vector Machine: Architectural Enhancements and Evaluation  by Soumyajit Dey, Monu Kedia, Niket Agarwal, Anupam Basu International Conference on VLSI Design  ');
INSERT INTO publications  (name, year, title) VALUES ('Soumyajit Dey',2006,'An Approach to Architectural Enhancement for Embedded Speech Applications  by Soumyajit Dey, Susmit Biswas, Arijit Mukhopadhyay Anupam Basu International Conference on VLSI Design  ');
INSERT INTO projects  (name, title) VALUES ('Soumyajit Dey','Architectural and Algorithmic Optimizations for Speech Based Communication Interfaces on Mobile Device&nbsp;INTEL TECHNOLOGY INDIA PVT. LTD.');
INSERT INTO projects  (name, title) VALUES ('Soumyajit Dey','Intel embedded innovation lablet&nbsp;Intel Semiconductor (US) Limited');
INSERT INTO projects  (name, title) VALUES ('Soumyajit Dey','Opened &amp; Intelligent Plug-in Hybrid Electric Vehicle (PHEV) Technologies for Smart Indian Cities&nbsp;Ministry of Heavy Industries and Public Enterprises, GoI');
INSERT INTO projects  (name, title) VALUES ('Soumyajit Dey','Static analysis based partitioning technique for GPGPU programs&nbsp;ISIRD, SRIC');
INSERT INTO projects  (name, title) VALUES ('Soumyajit Dey','Synthesizing test programs as directed test families for incremental CPU validation&nbsp;INTEL TECHNOLOGY INDIA PVT. LTD.');
INSERT INTO students  (name, student_name, student_type, student_research_area) VALUES ('Soumyajit Dey','Sumana Ghosh','PhD STUDENTS',' Formal Verification');
INSERT INTO students  (name, student_name, student_type, student_research_area) VALUES ('Soumyajit Dey','Saurav Kr. Ghosh','PhD STUDENTS',' Formal Analysis of probabilistic programs');
INSERT INTO students  (name, student_name, student_type, student_research_area) VALUES ('Soumyajit Dey','Rajib Lochan Jana','PhD STUDENTS',' Formal Fethods for Embedded System Design');
INSERT INTO students  (name, student_name, student_type, student_research_area) VALUES ('Soumyajit Dey','Thakkar Jay Ashwinbhai','PhD STUDENTS',' Formal Verification');
INSERT INTO students  (name, student_name, student_type, student_research_area) VALUES ('Soumyajit Dey','Anirban Ghose','PhD STUDENTS',' Compilation and Runtime Techniques for High performance Architectures');
INSERT INTO students  (name, student_name, student_type, student_research_area) VALUES ('Soumyajit Dey','Pallavi Mitra','MS STUDENTS',' Speech Processing in GPGPU platforms');
INSERT INTO info  (name,designation,email,website) VALUES ('Sourangshu Bhattacharya','Assistant Professor','sourangshu@cse.iitkgp.ernet.in','http://cse.iitkgp.ac.in/~sourangshu/');
INSERT INTO projects  (name, title) VALUES ('Sourangshu Bhattacharya','Artificial intelligence for societal needs: knowledge discovery and intelligent decision making for solving problems in Indian context related to energy, climate, water, disaster management and traffic&nbsp;IIT KHARAGPUR');
INSERT INTO projects  (name, title) VALUES ('Sourangshu Bhattacharya','Data driven approaches for inferring opinion dynamics on social networks&nbsp;Department of Science &amp; Technology(DST)');
INSERT INTO projects  (name, title) VALUES ('Sourangshu Bhattacharya','Decoding and exploring ancient classification of Indian music through machine learning method and audience response&nbsp;MHRD');
INSERT INTO projects  (name, title) VALUES ('Sourangshu Bhattacharya','Development of a real-time short-term ocean hindcast/forecast system with advanced initialization and data assimilative capability for the Bay of Bengal&nbsp;MHRD');
INSERT INTO projects  (name, title) VALUES ('Sourangshu Bhattacharya','Fast and communication efficient distributed supervised machine learning system using big data platforms&nbsp;Science and Engineering Research Board (SERB)');
INSERT INTO projects  (name, title) VALUES ('Sourangshu Bhattacharya','Google Unrestricted Fund for Social Computing&nbsp;GOOGLE INDIA PVT. LTD');
INSERT INTO projects  (name, title) VALUES ('Sourangshu Bhattacharya','Unrestricted Grant for Estimation of Product Response using Temporal Modeling of Past Events&nbsp;Flipkart Internet Private Ltd.');
INSERT INTO projects  (name, title) VALUES ('Sourangshu Bhattacharya','Unrestricted grant for research in social networks and user-generated content&nbsp;Dr. M Chelliah, Head, Academic Relations, Yahoo India R &amp; D');
INSERT INTO projects  (name, title) VALUES ('Sourangshu Bhattacharya','Unrestricted Travel Grant&nbsp;Various Institutes/Organisations');
INSERT INTO students  (name, student_name, student_type, student_research_area) VALUES ('Sourangshu Bhattacharya','Chandan Misra','PhD STUDENTS',' Spatial Datamining, Information Retrieval');
INSERT INTO students  (name, student_name, student_type, student_research_area) VALUES ('Sourangshu Bhattacharya','Asis Roy','PhD STUDENTS',' Data Analytics');
INSERT INTO students  (name, student_name, student_type, student_research_area) VALUES ('Sourangshu Bhattacharya','Sanga Chaki','PhD STUDENTS',' Computational Musicology');
INSERT INTO students  (name, student_name, student_type, student_research_area) VALUES ('Sourangshu Bhattacharya','Manaar Alam','PhD STUDENTS',' Machine Learning in Security/Cryptography');
INSERT INTO students  (name, student_name, student_type, student_research_area) VALUES ('Sourangshu Bhattacharya','Sankarshan Mridha','MS STUDENTS',' Complex Networks and Machine Learning');
INSERT INTO students  (name, student_name, student_type, student_research_area) VALUES ('Sourangshu Bhattacharya','Rijula Kar','MS STUDENTS',' Machine Learning');
INSERT INTO info  (name,designation,email,phone,website) VALUES ('Sudebkumar Prasant Pal','Professor','spp@cse.iitkgp.ernet.in','+91-3222-283488','http://cse.iitkgp.ac.in/~spp/');
INSERT INTO awards  (name, award) VALUES ('Sudebkumar Prasant Pal','Rajiv Gandhi Research grant.');
INSERT INTO publications  (name, year, title) VALUES ('Sudebkumar Prasant Pal',2016,'Maximum weighted independent sets with a budget  by Tushar Kalra, Rogers Mathew, Sudebkumar Prasant Pal, Vijay Pandey CALDAM 2017 CoRR abs/1506.07773v2  ');
INSERT INTO publications  (name, year, title) VALUES ('Sudebkumar Prasant Pal',1991,'Computing the shortest path tree in a weak visibility polygon  by S. K. Ghosh, A. Maheshwari, S. P. Pal, S. Saluja and C. E. Veni Madhavan Proceedings of the eleventh conference on Foundations of Software Technology and Theoretical Computer Science, New Delhi, India, Lecture Notes in Computer Science, Springer-Verlag vol. 560, Springer-Verlag  369-389 ');
INSERT INTO publications  (name, year, title) VALUES ('Sudebkumar Prasant Pal',2005,'A combinatorial approach for studying LOCC transformations of multipartite states  by Sudhir Kumar Singh (M. Sc. Mathematics and Computing 1999-2004), S. P. Pal, Somesh Kumar (Dept. of Mathematics, IIT Kharagpur), and R. Srikanth Journal of Mathematical Physics 46, 122105, AIP  ');
INSERT INTO publications  (name, year, title) VALUES ('Sudebkumar Prasant Pal',1998,'Visibility with one reflection  by B. Aronov, A. Davis, T. K. Dey, S. P. Pal and D. Chithra Prasad Discrete and Computational Geometry vol 19, Springer-Verlag  553-574 ');
INSERT INTO publications  (name, year, title) VALUES ('Sudebkumar Prasant Pal',2016,'Bisecting famiies for set systems  by Niranjan Balachandra, Rogers Mathew, Tapas Kumar Mishra, Sudebkumar Prasant Pal arxiv.org CoRR abs/1604.01482v2  ');
INSERT INTO publications  (name, year, title) VALUES ('Sudebkumar Prasant Pal',1988,'Visibility with multiple reflections  by B. Aronov, A. Davis, T. K. Dey, S. P. Pal and D. Chithra Prasad Discrete and Computational Geometry vol. 20, Springer-Verlag  61-78 ');
INSERT INTO publications  (name, year, title) VALUES ('Sudebkumar Prasant Pal',2013,'Diffuse Reflection Diameter and Radius for Convex-Quadrilateralizable Polygons Elsevier  by Arindam Khan, Sudebkumar Prasant Pal, Mridul Aanjaneya, Arijit Bishnu, Subhas C. Nandy Discrete Applied Mathematics 161(10-11), Elsevier  1496-1505 ');
INSERT INTO publications  (name, year, title) VALUES ('Sudebkumar Prasant Pal',2015,'Bicoloring covers for graphs and hypergraphs  by Tapas Kumar Mishra, Sudebkumar Prasant Pal arxiv.org CoRR abs/1501.00343  ');
INSERT INTO students  (name, student_name, student_type, student_research_area) VALUES ('Sudebkumar Prasant Pal','Tapas Kumar Mishra','PhD STUDENTS',' Algorithms and combinatorics');
INSERT INTO students  (name, student_name, student_type, student_research_area) VALUES ('Sudebkumar Prasant Pal','Pritam Bhattacharya','PhD STUDENTS',' Computational geometry');
INSERT INTO info  (name,designation,responsibility,email,phone,website) VALUES ('Sudeshna Sarkar','Professor','Head, Computer Science and Engineering','sudeshna@cse.iitkgp.ernet.in','+91-3222-283494','http://cse.iitkgp.ac.in/~sudeshna');
INSERT INTO publications  (name, year, title) VALUES ('Sudeshna Sarkar',2016,'Preference Relations Based Unsupervised Rank Aggregation for Metasearch  by Maunendra Sankar Desarkar, Sudeshna Sarkar, Pabitra Mitra Expert Systems with Applications 49 (1)  86-98 ');
INSERT INTO publications  (name, year, title) VALUES ('Sudeshna Sarkar',2013,'A Mobility Simulation Framework Of Humans With Group Behavior Modeling  by Gupta, A.; MISHRA, A.; Vadlamudi, S.G.; Chakrabarti, P.P.; Sarkar, S.; Mukherjee, T.; Gnanasambandam, N. Data Mining (ICDM), 2013 IEEE 13th International Conference on IEEE  1067-1072 ');
INSERT INTO publications  (name, year, title) VALUES ('Sudeshna Sarkar',2007,'Investigation and Modeling of the Structure of Texting Language  by Monojit Choudhury, Rahul Saraf, Vijit Jain, Animesh Mukherjee, Sudeshna Sarkar, Anupam Basu International Journal on Document Analysis and Recognition (IJADR) 10 (4)  157-174 ');
INSERT INTO publications  (name, year, title) VALUES ('Sudeshna Sarkar',2012,'A Comparative Study on Feature Reduction Approaches in Hindi and Bengali Named Entity Recognition  by Sujan Kumar Saha, Pabitra Mitra and Sudeshna Sarkar Knowledge-Based Systems 27  322-332 ');
INSERT INTO publications  (name, year, title) VALUES ('Sudeshna Sarkar',2009,'Feature selection techniques for maximum entropy based biomedical named entity recognition.  by Sujan Kumar Saha, Sudeshna Sarkar, Pabitra Mitra Journal of Biomedical Informatics 42 (5)  905-911 ');
INSERT INTO publications  (name, year, title) VALUES ('Sudeshna Sarkar',2014,'A Dependency Annotation Scheme For Bangla Tree-bank  by Sanjay Chatterji, Tanaya Mukherjee Sarkar, Pragati Dhang, Samhita Deb, Sudeshna Sarkar, Jayshree Chakraborty, Anupam Basu Language Resources and Evaluation 48 (3)  443-477 ');
INSERT INTO publications  (name, year, title) VALUES ('Sudeshna Sarkar',2014,'Personalized Search over Medical Forums  by Arohi Kumar, Amit Kumar Meher, Sudeshna Sarkar Mining Intelligence and Knowledge Exploration Springer  11-20 ');
INSERT INTO publications  (name, year, title) VALUES ('Sudeshna Sarkar',2008,'Automatic Extraction of Pedagogic Metadata for Adaptive Learning  by Devshri Roy, Sudeshna Sarkar and Sujoy Ghose International Journal of Artificial Intelligence in Education (IJAIED). 18 (2)  97-118 ');
INSERT INTO publications  (name, year, title) VALUES ('Sudeshna Sarkar',2007,'Regular Expression Matching for Multiscript Databases,  by Sudeshna Sarkar Bulletin on the Technical Committee on Data Engineering, IEEE Computer Society ( IEEE DEB), 30 (1)  17-29 ');
INSERT INTO publications  (name, year, title) VALUES ('Sudeshna Sarkar',2007,'Learning Material Annotation for Flexible Tutorial Systems  by Devshri Roy, Sudeshna Sarkar and Sujoy Ghose Journal of Intelligent Systems, ( JIS) 16 (4)  293-306 ');
INSERT INTO projects  (name, title) VALUES ('Sudeshna Sarkar','AI driven real time traffic incident prediction and traffic management&nbsp;MHRD');
INSERT INTO projects  (name, title) VALUES ('Sudeshna Sarkar','Application of artificial intelligence in groundwater storage estimation of Indian subcontinent&nbsp;MHRD');
INSERT INTO projects  (name, title) VALUES ('Sudeshna Sarkar','A ROBUST BANGLA SPELL CHECKER&nbsp;SOCIETY FOR NATURAL LANGUAGE TECHNOLOGY RESEARCH, KOLKATA');
INSERT INTO projects  (name, title) VALUES ('Sudeshna Sarkar','Artificial intelligence for societal needs: knowledge discovery and intelligent decision making for solving problems in Indian context related to energy, climate, water, disaster management and traffic&nbsp;IIT KHARAGPUR');
INSERT INTO projects  (name, title) VALUES ('Sudeshna Sarkar','Centre of Excellence in robotics&nbsp;SRIC, IIT KHARAGPUR');
INSERT INTO projects  (name, title) VALUES ('Sudeshna Sarkar','Creation of Bengali Dependency Treebank&nbsp;GOOGLE INDIA PVT. LTD');
INSERT INTO projects  (name, title) VALUES ('Sudeshna Sarkar','Development of Cross Lingual Information Access System - CLIA - Phase 2&nbsp;Ministry of Communication &amp; Information Technology, Department of Information Technology');
INSERT INTO projects  (name, title) VALUES ('Sudeshna Sarkar','Development of national digital library (NDL) of India - towards building a national asset&nbsp;National Mission on Education through Communication &amp; Information Technology (NMEICT)');
INSERT INTO projects  (name, title) VALUES ('Sudeshna Sarkar','Effective Drug Repurposing Through Literature &amp; Patent Mining, Data Integration &amp; Development of Systems Pharmacology Platform&nbsp;Department of Electronics and Information Technology');
INSERT INTO projects  (name, title) VALUES ('Sudeshna Sarkar','Feature extraction and data mining from climate data&nbsp;MHRD');
INSERT INTO projects  (name, title) VALUES ('Sudeshna Sarkar','Review Recommendation System&nbsp;Flipkart Internet Private Ltd.');
INSERT INTO projects  (name, title) VALUES ('Sudeshna Sarkar','Robo-soccer research by Kharagpur Robot Soccer Students Group&nbsp;SRIC, IIT KHARAGPUR');
INSERT INTO projects  (name, title) VALUES ('Sudeshna Sarkar','To develop a scientific rationale of IELS (Indo-European Langauge Systems) applying a) Computational Linguistics &amp; b) Cognitive Geo-spatial mapping approaches&nbsp;MHRD');
INSERT INTO projects  (name, title) VALUES ('Sudeshna Sarkar','Uchhatar Avishkar Yojana&nbsp;MHRD');
INSERT INTO students  (name, student_name, student_type, student_research_area) VALUES ('Sudeshna Sarkar','Russel Aziz','PhD STUDENTS',' Transportation planning');
INSERT INTO students  (name, student_name, student_type, student_research_area) VALUES ('Sudeshna Sarkar','Ayan Das','PhD STUDENTS',' Machine Learning');
INSERT INTO students  (name, student_name, student_type, student_research_area) VALUES ('Sudeshna Sarkar','Pragnaditya Malakar','PhD STUDENTS',' Artifical Intelligence application on Groundwater');
INSERT INTO students  (name, student_name, student_type, student_research_area) VALUES ('Sudeshna Sarkar','Alapan Kuila','PhD STUDENTS',' Natural Language Processing');
INSERT INTO students  (name, student_name, student_type, student_research_area) VALUES ('Sudeshna Sarkar','Madiraju Srilakshmi','PhD STUDENTS',' Machine Learning');
INSERT INTO students  (name, student_name, student_type, student_research_area) VALUES ('Sudeshna Sarkar','Sonam Singh','MS STUDENTS',' Cl;imate Data Mining');
INSERT INTO students  (name, student_name, student_type, student_research_area) VALUES ('Sudeshna Sarkar','Prabir Mallick','MS STUDENTS',' Transportation Analytics');
INSERT INTO students  (name, student_name, student_type, student_research_area) VALUES ('Sudeshna Sarkar','Paheli Bhattacharya','MS STUDENTS',' Corpus Linguistics');
INSERT INTO students  (name, student_name, student_type, student_research_area) VALUES ('Sudeshna Sarkar','Sulagna Gope','MS STUDENTS',' Climate Data Mining');
INSERT INTO students  (name, student_name, student_type, student_research_area) VALUES ('Sudeshna Sarkar','Saptarshi Misra','MS STUDENTS',' Machine Learning');
INSERT INTO students  (name, student_name, student_type, student_research_area) VALUES ('Sudeshna Sarkar','Ankita Saha','MS STUDENTS',' Natural Language Processing');
INSERT INTO students  (name, student_name, student_type, student_research_area) VALUES ('Sudeshna Sarkar','Arunavo Banerjee','MS STUDENTS',' Information Retrieval');
INSERT INTO students  (name, student_name, student_type, student_research_area) VALUES ('Sudeshna Sarkar','Ayan Chandra','MS STUDENTS',' Digital Library and Information Retrieval');
INSERT INTO students  (name, student_name, student_type, student_research_area) VALUES ('Sudeshna Sarkar','Indrasekhar Sengupta','MS STUDENTS',' Digital Library and Information Retrieval');
INSERT INTO info  (name,designation,responsibility,email,phone) VALUES ('Sujoy Ghose','Professor','Chief Vigilance Officer','sujoy@cse.iitkgp.ernet.in','+91-3222-283478');
INSERT INTO projects  (name, title) VALUES ('Sujoy Ghose','Post CBS Integration(PCBS)&nbsp;The Orissa State Cooperative Bank Ltd., Bhubaneswar.');
INSERT INTO students  (name, student_name, student_type, student_research_area) VALUES ('Sujoy Ghose','Sangita Dhara','PhD STUDENTS',' Development of Protocols for Inter Planetary Networks');
INSERT INTO students  (name, student_name, student_type, student_research_area) VALUES ('Sujoy Ghose','Shibabroto Banerjee','MS STUDENTS',' Analysis of Plethismographic Signals');
